-- phpMyAdmin SQL Dump
-- version 4.2.12deb2
-- http://www.phpmyadmin.net
--
-- Host: localhost
-- Generation Time: Nov 20, 2015 alle 17:31
-- Versione del server: 5.5.44-0+deb8u1
-- PHP Version: 5.6.13-0+deb8u1

SET SQL_MODE = "NO_AUTO_VALUE_ON_ZERO";
SET time_zone = "+00:00";


/*!40101 SET @OLD_CHARACTER_SET_CLIENT=@@CHARACTER_SET_CLIENT */;
/*!40101 SET @OLD_CHARACTER_SET_RESULTS=@@CHARACTER_SET_RESULTS */;
/*!40101 SET @OLD_COLLATION_CONNECTION=@@COLLATION_CONNECTION */;
/*!40101 SET NAMES utf8 */;

--
-- Database: `CON_consulenza`
--

-- --------------------------------------------------------

--
-- Struttura della tabella `aziende`
--

CREATE TABLE IF NOT EXISTS `aziende` (
`id` int(11) NOT NULL,
  `denominazione` varchar(255) NOT NULL,
  `nome` varchar(255) NOT NULL,
  `cognome` varchar(255) NOT NULL,
  `cod_paese` varchar(10) NOT NULL,
  `piva` varchar(11) NOT NULL,
  `cf` varchar(50) NOT NULL,
  `cod_eori` varchar(50) NOT NULL,
  `telefono` varchar(50) NOT NULL,
  `email_info` varchar(50) NOT NULL,
  `email_contabilita` varchar(50) NOT NULL,
  `email_solleciti` varchar(50) NOT NULL,
  `fax` varchar(50) NOT NULL,
  `cliente` int(1) NOT NULL,
  `fornitore` int(1) NOT NULL,
  `created` datetime NOT NULL,
  `modified` datetime NOT NULL
) ENGINE=InnoDB AUTO_INCREMENT=522 DEFAULT CHARSET=latin1;

--
-- Dump dei dati per la tabella `aziende`
--

INSERT INTO `aziende` (`id`, `denominazione`, `nome`, `cognome`, `cod_paese`, `piva`, `cf`, `cod_eori`, `telefono`, `email_info`, `email_contabilita`, `email_solleciti`, `fax`, `cliente`, `fornitore`, `created`, `modified`) VALUES
(1, 'Simeu srl', '', '', 'IT', '', '', '', '011', 'info@simeu.it', '', '', '', 1, 0, '0000-00-00 00:00:00', '2015-10-09 14:36:07'),
(2, 'Trim srl', '', '', 'IT', '0', '', '', '011457865', '', '', '', '', 0, 0, '0000-00-00 00:00:00', '0000-00-00 00:00:00'),
(3, 'Lochiva', 'aaaaaa', 'aa', '', '0', '', '', 'aa', '', '', '', 'aa', 0, 0, '2015-10-05 15:07:36', '2015-10-05 15:07:36'),
(4, 'Lochiva1', 'aaaaaa', 'aa', '', '0', '', '', 'aa', '', '', '', 'aa', 0, 0, '2015-10-05 15:11:13', '2015-10-05 15:11:13'),
(5, 'Lochiva2', 'aaaaaa', 'aa', '', '0', '', '', 'aa', '', '', '', 'aa', 0, 0, '2015-10-05 15:16:27', '2015-10-05 15:16:27'),
(6, 'Lochiva5', 'aaaaaa', 'aa', '', '0', '', '', 'aa', '', '', '', 'aa', 0, 0, '2015-10-05 15:16:49', '2015-10-08 15:47:46'),
(8, 'Lochiva4', 'aaaaaa', 'aa', '', '0', '', '', 'aa', '', '', '', 'aa', 0, 0, '2015-10-08 15:43:54', '2015-10-08 15:43:54'),
(9, 'Lochiva3', 'aaaaaa', 'aa', '', '0', '', '', 'aa', '', '', '', 'aa', 0, 0, '2015-10-08 15:46:53', '2015-10-08 15:46:53'),
(10, 'Lochiva6', 'asasas', 'èokpòok', '', '0', '', '', 'lkjbklgb', '', '', '', 'zdbvf', 0, 0, '2015-10-08 15:48:05', '2015-10-08 15:48:05'),
(11, 'denominazione', '3', '4', '5', '6', '7', '8', '9', '10', '11', '12', '13', 14, 15, '0000-00-00 00:00:00', '0000-00-00 00:00:00'),
(12, '', 'Abbate', 'Daniela', '', '', '', '', '', '', '', '', '', 0, 0, '0000-00-00 00:00:00', '0000-00-00 00:00:00'),
(13, '', 'Accardo', 'Francesco', '', '', '', '', '', '', '', '', '', 0, 0, '0000-00-00 00:00:00', '0000-00-00 00:00:00'),
(14, '', 'Acampa', 'Andrea', '', '', '', '', '', '', '', '', '', 0, 0, '0000-00-00 00:00:00', '0000-00-00 00:00:00'),
(15, '', 'Aimerito', 'Olga', '', '', '', '', '', '', '', '', '', 0, 0, '0000-00-00 00:00:00', '0000-00-00 00:00:00'),
(16, '', 'Allais', 'Giovanni', '', '', '', '', '', '', '', '', '', 0, 0, '0000-00-00 00:00:00', '0000-00-00 00:00:00'),
(17, '', 'Annibale', 'Gianni', '', '', '', '', '', '', '', '', '', 0, 0, '0000-00-00 00:00:00', '0000-00-00 00:00:00'),
(18, '', 'Annibale', 'Luca', '', '', '', '', '', '', '', '', '', 0, 0, '0000-00-00 00:00:00', '0000-00-00 00:00:00'),
(19, '', 'Annibale', 'Umberto', '', '', '', '', '', '', '', '', '', 0, 0, '0000-00-00 00:00:00', '0000-00-00 00:00:00'),
(20, '', 'Arif', 'Zohra', '', '', '', '', '', '', '', '', '', 0, 0, '0000-00-00 00:00:00', '0000-00-00 00:00:00'),
(21, '', 'Armeni', 'Annalisa', '', '', '', '', '', '', '', '', '', 0, 0, '0000-00-00 00:00:00', '0000-00-00 00:00:00'),
(22, '', 'Armeni', 'Stefania', '', '', '', '', '', '', '', '', '', 0, 0, '0000-00-00 00:00:00', '0000-00-00 00:00:00'),
(23, '', 'Arnaudo', 'Ada', '', '', '', '', '', '', '', '', '', 0, 0, '0000-00-00 00:00:00', '0000-00-00 00:00:00'),
(24, '', 'Aruta', 'Pasquale Roberto', '', '', '', '', '', '', '', '', '', 0, 0, '0000-00-00 00:00:00', '0000-00-00 00:00:00'),
(25, '', 'Avidano', 'Gianluca', '', '', '', '', '', '', '', '', '', 0, 0, '0000-00-00 00:00:00', '0000-00-00 00:00:00'),
(26, '', 'Ballesio', 'Matteo', '', '', '', '', '', '', '', '', '', 0, 0, '0000-00-00 00:00:00', '0000-00-00 00:00:00'),
(27, '', 'Barra', 'Chiara', '', '', '', '', '', '', '', '', '', 0, 0, '0000-00-00 00:00:00', '0000-00-00 00:00:00'),
(28, '', 'Battaglia', 'Giovanna', '', '', '', '', '', '', '', '', '', 0, 0, '0000-00-00 00:00:00', '0000-00-00 00:00:00'),
(29, '', 'Bascone', 'Gaspare', '', '', '', '', '', '', '', '', '', 0, 0, '0000-00-00 00:00:00', '0000-00-00 00:00:00'),
(30, '', 'Bechis', 'Cinzia', '', '', '', '', '', '', '', '', '', 0, 0, '0000-00-00 00:00:00', '0000-00-00 00:00:00'),
(31, '', 'Benvenga', 'Maria luisa', '', '', '', '', '', '', '', '', '', 0, 0, '0000-00-00 00:00:00', '0000-00-00 00:00:00'),
(32, '', 'Berardi', 'Lucia', '', '', '', '', '', '', '', '', '', 0, 0, '0000-00-00 00:00:00', '0000-00-00 00:00:00'),
(33, '', 'Bergoglio', 'Rachele', '', '', '', '', '', '', '', '', '', 0, 0, '0000-00-00 00:00:00', '0000-00-00 00:00:00'),
(34, '', 'Bettin', 'Eugenio', '', '', '', '', '', '', '', '', '', 0, 0, '0000-00-00 00:00:00', '0000-00-00 00:00:00'),
(35, '', 'Bianco', 'Dolino Mirella', '', '', '', '', '', '', '', '', '', 0, 0, '0000-00-00 00:00:00', '0000-00-00 00:00:00'),
(36, '', 'Biglia', 'Malvina', '', '', '', '', '', '', '', '', '', 0, 0, '0000-00-00 00:00:00', '0000-00-00 00:00:00'),
(37, '', 'Blancato', 'Francesca', '', '', '', '', '', '', '', '', '', 0, 0, '0000-00-00 00:00:00', '0000-00-00 00:00:00'),
(38, '', 'Boccalerio', 'Remo', '', '', '', '', '', '', '', '', '', 0, 0, '0000-00-00 00:00:00', '0000-00-00 00:00:00'),
(39, '', 'Boda', 'Viviana', '', '', '', '', '', '', '', '', '', 0, 0, '0000-00-00 00:00:00', '0000-00-00 00:00:00'),
(40, '', 'Boeris', 'Antonella', '', '', '', '', '', '', '', '', '', 0, 0, '0000-00-00 00:00:00', '0000-00-00 00:00:00'),
(41, '', 'Boeris', 'Giovanni', '', '', '', '', '', '', '', '', '', 0, 0, '0000-00-00 00:00:00', '0000-00-00 00:00:00'),
(42, '', 'Boeris', 'Roberta', '', '', '', '', '', '', '', '', '', 0, 0, '0000-00-00 00:00:00', '0000-00-00 00:00:00'),
(43, '', 'Bonello', 'Paola Maria', '', '', '', '', '', '', '', '', '', 0, 0, '0000-00-00 00:00:00', '0000-00-00 00:00:00'),
(44, '', 'Brondi', 'Barbara', '', '', '', '', '', '', '', '', '', 0, 0, '0000-00-00 00:00:00', '0000-00-00 00:00:00'),
(45, '', 'Brondi', 'Piergiorgio', '', '', '', '', '', '', '', '', '', 0, 0, '0000-00-00 00:00:00', '0000-00-00 00:00:00'),
(46, '', 'Brunazzo', 'Andrea', '', '', '', '', '', '', '', '', '', 0, 0, '0000-00-00 00:00:00', '0000-00-00 00:00:00'),
(47, '', 'Bruno', 'Annalisa', '', '', '', '', '', '', '', '', '', 0, 0, '0000-00-00 00:00:00', '0000-00-00 00:00:00'),
(48, '', 'Bruno', 'Vincenzo', '', '', '', '', '', '', '', '', '', 0, 0, '0000-00-00 00:00:00', '0000-00-00 00:00:00'),
(49, '', 'Bussone', 'Armando', '', '', '', '', '', '', '', '', '', 0, 0, '0000-00-00 00:00:00', '0000-00-00 00:00:00'),
(50, '', 'Bussone', 'Guido', '', '', '', '', '', '', '', '', '', 0, 0, '0000-00-00 00:00:00', '0000-00-00 00:00:00'),
(51, '', 'Calilli', 'Cristiana', '', '', '', '', '', '', '', '', '', 0, 0, '0000-00-00 00:00:00', '0000-00-00 00:00:00'),
(52, '', 'Calilli', 'Enrico', '', '', '', '', '', '', '', '', '', 0, 0, '0000-00-00 00:00:00', '0000-00-00 00:00:00'),
(53, '', 'Caltagirone', 'Carmelina', '', '', '', '', '', '', '', '', '', 0, 0, '0000-00-00 00:00:00', '0000-00-00 00:00:00'),
(54, '', 'Camandona', 'Laura', '', '', '', '', '', '', '', '', '', 0, 0, '0000-00-00 00:00:00', '0000-00-00 00:00:00'),
(55, '', 'Cantavenera', 'Alexandro ', '', '', '', '', '', '', '', '', '', 0, 0, '0000-00-00 00:00:00', '0000-00-00 00:00:00'),
(56, '', 'Cantavenera', 'Valentina', '', '', '', '', '', '', '', '', '', 0, 0, '0000-00-00 00:00:00', '0000-00-00 00:00:00'),
(57, '', 'Cantone', 'Paola', '', '', '', '', '', '', '', '', '', 0, 0, '0000-00-00 00:00:00', '0000-00-00 00:00:00'),
(58, '', 'Caponotto', 'Luciano', '', '', '', '', '', '', '', '', '', 0, 0, '0000-00-00 00:00:00', '0000-00-00 00:00:00'),
(59, '', 'Caponotto', 'Massimo', '', '', '', '', '', '', '', '', '', 0, 0, '0000-00-00 00:00:00', '0000-00-00 00:00:00'),
(60, '', 'Caporale', 'Sabina', '', '', '', '', '', '', '', '', '', 0, 0, '0000-00-00 00:00:00', '0000-00-00 00:00:00'),
(61, '', 'Carena', 'Alice', '', '', '', '', '', '', '', '', '', 0, 0, '0000-00-00 00:00:00', '0000-00-00 00:00:00'),
(62, '', 'Carnino', 'Maria', '', '', '', '', '', '', '', '', '', 0, 0, '0000-00-00 00:00:00', '0000-00-00 00:00:00'),
(63, '', 'Carr', 'Paola', '', '', '', '', '', '', '', '', '', 0, 0, '0000-00-00 00:00:00', '0000-00-00 00:00:00'),
(64, '', 'Casella', 'Micaela', '', '', '', '', '', '', '', '', '', 0, 0, '0000-00-00 00:00:00', '0000-00-00 00:00:00'),
(65, '', 'Casorati', 'Enrica', '', '', '', '', '', '', '', '', '', 0, 0, '0000-00-00 00:00:00', '0000-00-00 00:00:00'),
(66, '', 'Casorati', 'Maria Renata', '', '', '', '', '', '', '', '', '', 0, 0, '0000-00-00 00:00:00', '0000-00-00 00:00:00'),
(67, '', 'Catena', 'Michele', '', '', '', '', '', '', '', '', '', 0, 0, '0000-00-00 00:00:00', '0000-00-00 00:00:00'),
(68, '', 'Cavalieri', 'Luca', '', '', '', '', '', '', '', '', '', 0, 0, '0000-00-00 00:00:00', '0000-00-00 00:00:00'),
(69, '', 'Cavini', 'Simone', '', '', '', '', '', '', '', '', '', 0, 0, '0000-00-00 00:00:00', '0000-00-00 00:00:00'),
(70, '', 'Cerroni', 'Chiara', '', '', '', '', '', '', '', '', '', 0, 0, '0000-00-00 00:00:00', '0000-00-00 00:00:00'),
(71, '', 'Cicio', 'Gabriella', '', '', '', '', '', '', '', '', '', 0, 0, '0000-00-00 00:00:00', '0000-00-00 00:00:00'),
(72, '', 'Cinardi', 'Silvia', '', '', '', '', '', '', '', '', '', 0, 0, '0000-00-00 00:00:00', '0000-00-00 00:00:00'),
(73, '', 'Cinque', 'Silvio', '', '', '', '', '', '', '', '', '', 0, 0, '0000-00-00 00:00:00', '0000-00-00 00:00:00'),
(74, '', 'Citro', 'Franco', '', '', '', '', '', '', '', '', '', 0, 0, '0000-00-00 00:00:00', '0000-00-00 00:00:00'),
(75, '', 'Civiero', 'Antonella', '', '', '', '', '', '', '', '', '', 0, 0, '0000-00-00 00:00:00', '0000-00-00 00:00:00'),
(76, '', 'Colaiocco', 'Roberto', '', '', '', '', '', '', '', '', '', 0, 0, '0000-00-00 00:00:00', '0000-00-00 00:00:00'),
(77, '', 'Col?', 'Carmine', '', '', '', '', '', '', '', '', '', 0, 0, '0000-00-00 00:00:00', '0000-00-00 00:00:00'),
(78, '', 'Comorasu', 'Maricel', '', '', '', '', '', '', '', '', '', 0, 0, '0000-00-00 00:00:00', '0000-00-00 00:00:00'),
(79, '', 'Comparetto', 'Anthony', '', '', '', '', '', '', '', '', '', 0, 0, '0000-00-00 00:00:00', '0000-00-00 00:00:00'),
(80, '', 'Conti', 'Francesco', '', '', '', '', '', '', '', '', '', 0, 0, '0000-00-00 00:00:00', '0000-00-00 00:00:00'),
(81, '', 'Conti', 'Fulvio', '', '', '', '', '', '', '', '', '', 0, 0, '0000-00-00 00:00:00', '0000-00-00 00:00:00'),
(82, '', 'Conti', 'Luisella', '', '', '', '', '', '', '', '', '', 0, 0, '0000-00-00 00:00:00', '0000-00-00 00:00:00'),
(83, '', 'Conti', 'Monica', '', '', '', '', '', '', '', '', '', 0, 0, '0000-00-00 00:00:00', '0000-00-00 00:00:00'),
(84, '', 'Costa', 'Frola Carlotta', '', '', '', '', '', '', '', '', '', 0, 0, '0000-00-00 00:00:00', '0000-00-00 00:00:00'),
(85, '', 'Costanzo', 'Alessandro', '', '', '', '', '', '', '', '', '', 0, 0, '0000-00-00 00:00:00', '0000-00-00 00:00:00'),
(86, '', 'Crova', 'Lucia', '', '', '', '', '', '', '', '', '', 0, 0, '0000-00-00 00:00:00', '0000-00-00 00:00:00'),
(87, '', 'D''Agostino', 'Anna', '', '', '', '', '', '', '', '', '', 0, 0, '0000-00-00 00:00:00', '0000-00-00 00:00:00'),
(88, '', 'D''Angelo', 'Katia', '', '', '', '', '', '', '', '', '', 0, 0, '0000-00-00 00:00:00', '0000-00-00 00:00:00'),
(89, '', 'D''Angelo', 'Mirko', '', '', '', '', '', '', '', '', '', 0, 0, '0000-00-00 00:00:00', '0000-00-00 00:00:00'),
(90, '', 'D''Angelo', 'Raffaele ', '', '', '', '', '', '', '', '', '', 0, 0, '0000-00-00 00:00:00', '0000-00-00 00:00:00'),
(91, '', 'D''Angeli', 'Giovanni', '', '', '', '', '', '', '', '', '', 0, 0, '0000-00-00 00:00:00', '0000-00-00 00:00:00'),
(92, '', 'De', 'Angelis', '', '', '', '', '', '', '', '', '', 0, 0, '0000-00-00 00:00:00', '0000-00-00 00:00:00'),
(93, '', 'De', 'Angelis Paola Cristina', '', '', '', '', '', '', '', '', '', 0, 0, '0000-00-00 00:00:00', '0000-00-00 00:00:00'),
(94, '', 'Dellasette', 'Enrico', '', '', '', '', '', '', '', '', '', 0, 0, '0000-00-00 00:00:00', '0000-00-00 00:00:00'),
(95, '', 'Demaria', 'Daniele', '', '', '', '', '', '', '', '', '', 0, 0, '0000-00-00 00:00:00', '0000-00-00 00:00:00'),
(96, '', 'DeMaria', 'Egle', '', '', '', '', '', '', '', '', '', 0, 0, '0000-00-00 00:00:00', '0000-00-00 00:00:00'),
(97, '', 'DeMaria', 'Renzo', '', '', '', '', '', '', '', '', '', 0, 0, '0000-00-00 00:00:00', '0000-00-00 00:00:00'),
(98, '', 'De', 'Somma Daniele', '', '', '', '', '', '', '', '', '', 0, 0, '0000-00-00 00:00:00', '0000-00-00 00:00:00'),
(99, '', 'De', 'Zen Cinzia', '', '', '', '', '', '', '', '', '', 0, 0, '0000-00-00 00:00:00', '0000-00-00 00:00:00'),
(100, '', 'Di', 'Gioia Felicia Maria', '', '', '', '', '', '', '', '', '', 0, 0, '0000-00-00 00:00:00', '0000-00-00 00:00:00'),
(101, '', 'Di', 'Maggio Rita', '', '', '', '', '', '', '', '', '', 0, 0, '0000-00-00 00:00:00', '0000-00-00 00:00:00'),
(102, '', 'Donzella', 'Maicol', '', '', '', '', '', '', '', '', '', 0, 0, '0000-00-00 00:00:00', '0000-00-00 00:00:00'),
(103, '', 'Drogo', 'Giuseppe', '', '', '', '', '', '', '', '', '', 0, 0, '0000-00-00 00:00:00', '0000-00-00 00:00:00'),
(104, '', 'Drogo', ' Noemi Francesca', '', '', '', '', '', '', '', '', '', 0, 0, '0000-00-00 00:00:00', '0000-00-00 00:00:00'),
(105, '', 'Drogo', 'Luca', '', '', '', '', '', '', '', '', '', 0, 0, '0000-00-00 00:00:00', '0000-00-00 00:00:00'),
(106, '', 'Facciolo', 'Cristina', '', '', '', '', '', '', '', '', '', 0, 0, '0000-00-00 00:00:00', '0000-00-00 00:00:00'),
(107, '', 'Facciolo', 'Massimiliano', '', '', '', '', '', '', '', '', '', 0, 0, '0000-00-00 00:00:00', '0000-00-00 00:00:00'),
(108, '', 'Fantino', 'R.', '', '', '', '', '', '', '', '', '', 0, 0, '0000-00-00 00:00:00', '0000-00-00 00:00:00'),
(109, '', 'Fantonetti', 'Claudio', '', '', '', '', '', '', '', '', '', 0, 0, '0000-00-00 00:00:00', '0000-00-00 00:00:00'),
(110, '', 'Farisco', 'C.', '', '', '', '', '', '', '', '', '', 0, 0, '0000-00-00 00:00:00', '0000-00-00 00:00:00'),
(111, '', 'Fazzi', 'Franco', '', '', '', '', '', '', '', '', '', 0, 0, '0000-00-00 00:00:00', '0000-00-00 00:00:00'),
(112, '', 'Ferraris', 'Letizia', '', '', '', '', '', '', '', '', '', 0, 0, '0000-00-00 00:00:00', '0000-00-00 00:00:00'),
(113, '', 'Ferrero', 'Giuseppina', '', '', '', '', '', '', '', '', '', 0, 0, '0000-00-00 00:00:00', '0000-00-00 00:00:00'),
(114, '', 'Filipello', 'Guido', '', '', '', '', '', '', '', '', '', 0, 0, '0000-00-00 00:00:00', '0000-00-00 00:00:00'),
(115, '', 'Filipello', 'Carla', '', '', '', '', '', '', '', '', '', 0, 0, '0000-00-00 00:00:00', '0000-00-00 00:00:00'),
(116, '', 'Forlin', 'Gianbattista', '', '', '', '', '', '', '', '', '', 0, 0, '0000-00-00 00:00:00', '0000-00-00 00:00:00'),
(117, '', 'Forlin', 'Fulvio', '', '', '', '', '', '', '', '', '', 0, 0, '0000-00-00 00:00:00', '0000-00-00 00:00:00'),
(118, '', 'Fornero', 'Graziella', '', '', '', '', '', '', '', '', '', 0, 0, '0000-00-00 00:00:00', '0000-00-00 00:00:00'),
(119, '', 'Fornelli', 'Roberto', '', '', '', '', '', '', '', '', '', 0, 0, '0000-00-00 00:00:00', '0000-00-00 00:00:00'),
(120, '', 'Framarin', 'Paolo', '', '', '', '', '', '', '', '', '', 0, 0, '0000-00-00 00:00:00', '0000-00-00 00:00:00'),
(121, '', 'Framarin', 'Roberto', '', '', '', '', '', '', '', '', '', 0, 0, '0000-00-00 00:00:00', '0000-00-00 00:00:00'),
(122, '', 'Frasson', 'Michele', '', '', '', '', '', '', '', '', '', 0, 0, '0000-00-00 00:00:00', '0000-00-00 00:00:00'),
(123, '', 'Frediani', 'Andrea', '', '', '', '', '', '', '', '', '', 0, 0, '0000-00-00 00:00:00', '0000-00-00 00:00:00'),
(124, '', 'Gagliardi', 'Marco', '', '', '', '', '', '', '', '', '', 0, 0, '0000-00-00 00:00:00', '0000-00-00 00:00:00'),
(125, '', 'Gallo', 'Giovanna', '', '', '', '', '', '', '', '', '', 0, 0, '0000-00-00 00:00:00', '0000-00-00 00:00:00'),
(126, '', 'Garcia', 'Carlos', '', '', '', '', '', '', '', '', '', 0, 0, '0000-00-00 00:00:00', '0000-00-00 00:00:00'),
(127, '', 'Ghanadi', 'Sara', '', '', '', '', '', '', '', '', '', 0, 0, '0000-00-00 00:00:00', '0000-00-00 00:00:00'),
(128, '', 'Giani', '', '', '', '', '', '', '', '', '', '', 0, 0, '0000-00-00 00:00:00', '0000-00-00 00:00:00'),
(129, '', 'Giovannini', 'Floriano', '', '', '', '', '', '', '', '', '', 0, 0, '0000-00-00 00:00:00', '0000-00-00 00:00:00'),
(130, '', 'Gobetti', 'Vincenzo', '', '', '', '', '', '', '', '', '', 0, 0, '0000-00-00 00:00:00', '0000-00-00 00:00:00'),
(131, '', 'Gobetti', 'Vincenzo (INTEGRATIVA)', '', '', '', '', '', '', '', '', '', 0, 0, '0000-00-00 00:00:00', '0000-00-00 00:00:00'),
(132, '', 'Gobetti', 'Elena', '', '', '', '', '', '', '', '', '', 0, 0, '0000-00-00 00:00:00', '0000-00-00 00:00:00'),
(133, '', 'Gobetti', 'Elena (INTEGRATIVA)', '', '', '', '', '', '', '', '', '', 0, 0, '0000-00-00 00:00:00', '0000-00-00 00:00:00'),
(134, '', 'Gobetti', 'Paola', '', '', '', '', '', '', '', '', '', 0, 0, '0000-00-00 00:00:00', '0000-00-00 00:00:00'),
(135, '', 'Gobetti', 'Paola (INTEGRATIVA)', '', '', '', '', '', '', '', '', '', 0, 0, '0000-00-00 00:00:00', '0000-00-00 00:00:00'),
(136, '', 'Gosmar', 'Elide', '', '', '', '', '', '', '', '', '', 0, 0, '0000-00-00 00:00:00', '0000-00-00 00:00:00'),
(137, '', 'Granato', 'Claudio', '', '', '', '', '', '', '', '', '', 0, 0, '0000-00-00 00:00:00', '0000-00-00 00:00:00'),
(138, '', 'Grattarola', 'Francesca', '', '', '', '', '', '', '', '', '', 0, 0, '0000-00-00 00:00:00', '0000-00-00 00:00:00'),
(139, '', 'Greco', 'Ivan', '', '', '', '', '', '', '', '', '', 0, 0, '0000-00-00 00:00:00', '0000-00-00 00:00:00'),
(140, '', 'Grilli', 'Antonio', '', '', '', '', '', '', '', '', '', 0, 0, '0000-00-00 00:00:00', '0000-00-00 00:00:00'),
(141, '', 'Grinza', 'Elena', '', '', '', '', '', '', '', '', '', 0, 0, '0000-00-00 00:00:00', '0000-00-00 00:00:00'),
(142, '', 'Grinza', 'Paola', '', '', '', '', '', '', '', '', '', 0, 0, '0000-00-00 00:00:00', '0000-00-00 00:00:00'),
(143, '', 'Guarino', 'Domenica', '', '', '', '', '', '', '', '', '', 0, 0, '0000-00-00 00:00:00', '0000-00-00 00:00:00'),
(144, '', 'Incorvaia', 'Daniela', '', '', '', '', '', '', '', '', '', 0, 0, '0000-00-00 00:00:00', '0000-00-00 00:00:00'),
(145, '', 'Invernizzi', 'Luca', '', '', '', '', '', '', '', '', '', 0, 0, '0000-00-00 00:00:00', '0000-00-00 00:00:00'),
(146, '', 'Korosi', 'Gyongyi', '', '', '', '', '', '', '', '', '', 0, 0, '0000-00-00 00:00:00', '0000-00-00 00:00:00'),
(147, '', 'Landra', 'J.', '', '', '', '', '', '', '', '', '', 0, 0, '0000-00-00 00:00:00', '0000-00-00 00:00:00'),
(148, '', 'Lanza', 'Giacinta', '', '', '', '', '', '', '', '', '', 0, 0, '0000-00-00 00:00:00', '0000-00-00 00:00:00'),
(149, '', 'Lando', 'Maurizio', '', '', '', '', '', '', '', '', '', 0, 0, '0000-00-00 00:00:00', '0000-00-00 00:00:00'),
(150, '', 'La', 'Terra Claudia', '', '', '', '', '', '', '', '', '', 0, 0, '0000-00-00 00:00:00', '0000-00-00 00:00:00'),
(151, '', 'Leone', 'Marta', '', '', '', '', '', '', '', '', '', 0, 0, '0000-00-00 00:00:00', '0000-00-00 00:00:00'),
(152, '', 'Ligali', 'Consuelo', '', '', '', '', '', '', '', '', '', 0, 0, '0000-00-00 00:00:00', '0000-00-00 00:00:00'),
(153, '', 'Lippolis', 'Giovanni', '', '', '', '', '', '', '', '', '', 0, 0, '0000-00-00 00:00:00', '0000-00-00 00:00:00'),
(154, '', 'Locci', 'Emanuela', '', '', '', '', '', '', '', '', '', 0, 0, '0000-00-00 00:00:00', '0000-00-00 00:00:00'),
(155, '', 'Mancino', 'Claudio', '', '', '', '', '', '', '', '', '', 0, 0, '0000-00-00 00:00:00', '0000-00-00 00:00:00'),
(156, '', 'Manfredi', 'Elvira', '', '', '', '', '', '', '', '', '', 0, 0, '0000-00-00 00:00:00', '0000-00-00 00:00:00'),
(157, '', 'Marampon', 'Anna Maria', '', '', '', '', '', '', '', '', '', 0, 0, '0000-00-00 00:00:00', '0000-00-00 00:00:00'),
(158, '', 'Margaroli', 'Roselina', '', '', '', '', '', '', '', '', '', 0, 0, '0000-00-00 00:00:00', '0000-00-00 00:00:00'),
(159, '', 'Maritano', 'Andrea', '', '', '', '', '', '', '', '', '', 0, 0, '0000-00-00 00:00:00', '0000-00-00 00:00:00'),
(160, '', 'Maritano', 'Andrea Integrativa', '', '', '', '', '', '', '', '', '', 0, 0, '0000-00-00 00:00:00', '0000-00-00 00:00:00'),
(161, '', 'Maritano', 'Claudio', '', '', '', '', '', '', '', '', '', 0, 0, '0000-00-00 00:00:00', '0000-00-00 00:00:00'),
(162, '', 'Maritano', 'Luciano', '', '', '', '', '', '', '', '', '', 0, 0, '0000-00-00 00:00:00', '0000-00-00 00:00:00'),
(163, '', 'Maritano', 'Silvio', '', '', '', '', '', '', '', '', '', 0, 0, '0000-00-00 00:00:00', '0000-00-00 00:00:00'),
(164, '', 'Maroni', 'Elisabetta', '', '', '', '', '', '', '', '', '', 0, 0, '0000-00-00 00:00:00', '0000-00-00 00:00:00'),
(165, '', 'Martinelli', 'Massimo', '', '', '', '', '', '', '', '', '', 0, 0, '0000-00-00 00:00:00', '0000-00-00 00:00:00'),
(166, '', 'Mascarino', 'Andrea', '', '', '', '', '', '', '', '', '', 0, 0, '0000-00-00 00:00:00', '0000-00-00 00:00:00'),
(167, '', 'Mascarino', 'Mauro', '', '', '', '', '', '', '', '', '', 0, 0, '0000-00-00 00:00:00', '0000-00-00 00:00:00'),
(168, '', 'Mattana', 'Gianfranco', '', '', '', '', '', '', '', '', '', 0, 0, '0000-00-00 00:00:00', '0000-00-00 00:00:00'),
(169, '', 'Meduri', 'Andrea', '', '', '', '', '', '', '', '', '', 0, 0, '0000-00-00 00:00:00', '0000-00-00 00:00:00'),
(170, '', 'Milesi', 'Andrea', '', '', '', '', '', '', '', '', '', 0, 0, '0000-00-00 00:00:00', '0000-00-00 00:00:00'),
(171, '', 'Moccagatta', 'Luisa', '', '', '', '', '', '', '', '', '', 0, 0, '0000-00-00 00:00:00', '0000-00-00 00:00:00'),
(172, '', 'Mohr', 'Brigitta', '', '', '', '', '', '', '', '', '', 0, 0, '0000-00-00 00:00:00', '0000-00-00 00:00:00'),
(173, '', 'Modugno', 'Maria', '', '', '', '', '', '', '', '', '', 0, 0, '0000-00-00 00:00:00', '0000-00-00 00:00:00'),
(174, '', 'Monge', 'Augusto', '', '', '', '', '', '', '', '', '', 0, 0, '0000-00-00 00:00:00', '0000-00-00 00:00:00'),
(175, '', 'Morino', 'Andrea', '', '', '', '', '', '', '', '', '', 0, 0, '0000-00-00 00:00:00', '0000-00-00 00:00:00'),
(176, '', 'Mosso', 'Ezio', '', '', '', '', '', '', '', '', '', 0, 0, '0000-00-00 00:00:00', '0000-00-00 00:00:00'),
(177, '', 'Mostaccio', 'Silvia', '', '', '', '', '', '', '', '', '', 0, 0, '0000-00-00 00:00:00', '0000-00-00 00:00:00'),
(178, '', 'Mulassano', 'Claudio', '', '', '', '', '', '', '', '', '', 0, 0, '0000-00-00 00:00:00', '0000-00-00 00:00:00'),
(179, '', 'Mulassano', 'Marco', '', '', '', '', '', '', '', '', '', 0, 0, '0000-00-00 00:00:00', '0000-00-00 00:00:00'),
(180, '', 'MUNTEAN', 'SERGIU', '', '', '', '', '', '', '', '', '', 0, 0, '0000-00-00 00:00:00', '0000-00-00 00:00:00'),
(181, '', 'Muscarella', 'Salvatore', '', '', '', '', '', '', '', '', '', 0, 0, '0000-00-00 00:00:00', '0000-00-00 00:00:00'),
(182, '', 'Musso', 'C.A.', '', '', '', '', '', '', '', '', '', 0, 0, '0000-00-00 00:00:00', '0000-00-00 00:00:00'),
(183, '', 'Musso', 'Daniela', '', '', '', '', '', '', '', '', '', 0, 0, '0000-00-00 00:00:00', '0000-00-00 00:00:00'),
(184, '', 'Musso', 'Laura', '', '', '', '', '', '', '', '', '', 0, 0, '0000-00-00 00:00:00', '0000-00-00 00:00:00'),
(185, '', 'Nebbia', 'Piero', '', '', '', '', '', '', '', '', '', 0, 0, '0000-00-00 00:00:00', '0000-00-00 00:00:00'),
(186, '', 'Nebbia', 'Stefano', '', '', '', '', '', '', '', '', '', 0, 0, '0000-00-00 00:00:00', '0000-00-00 00:00:00'),
(187, '', 'Necco', 'M. - Dental s.', '', '', '', '', '', '', '', '', '', 0, 0, '0000-00-00 00:00:00', '0000-00-00 00:00:00'),
(188, '', 'Negro', 'Gabriella', '', '', '', '', '', '', '', '', '', 0, 0, '0000-00-00 00:00:00', '0000-00-00 00:00:00'),
(189, '', 'NERI', 'NICOLA', '', '', '', '', '', '', '', '', '', 0, 0, '0000-00-00 00:00:00', '0000-00-00 00:00:00'),
(190, '', 'Nesci', 'Andrea', '', '', '', '', '', '', '', '', '', 0, 0, '0000-00-00 00:00:00', '0000-00-00 00:00:00'),
(191, '', 'Niglia', 'Angela', '', '', '', '', '', '', '', '', '', 0, 0, '0000-00-00 00:00:00', '0000-00-00 00:00:00'),
(192, '', 'Notaio', 'Nardello', '', '', '', '', '', '', '', '', '', 0, 0, '0000-00-00 00:00:00', '0000-00-00 00:00:00'),
(193, '', 'Novara', 'Giorgio', '', '', '', '', '', '', '', '', '', 0, 0, '0000-00-00 00:00:00', '0000-00-00 00:00:00'),
(194, '', 'Novara', 'Luca', '', '', '', '', '', '', '', '', '', 0, 0, '0000-00-00 00:00:00', '0000-00-00 00:00:00'),
(195, '', 'Novara', 'Maria Grazia', '', '', '', '', '', '', '', '', '', 0, 0, '0000-00-00 00:00:00', '0000-00-00 00:00:00'),
(196, '', 'Novara', 'Tito', '', '', '', '', '', '', '', '', '', 0, 0, '0000-00-00 00:00:00', '0000-00-00 00:00:00'),
(197, '', 'Oliva', 'Simone', '', '', '', '', '', '', '', '', '', 0, 0, '0000-00-00 00:00:00', '0000-00-00 00:00:00'),
(198, '', 'Olivero', 'Fabrizio', '', '', '', '', '', '', '', '', '', 0, 0, '0000-00-00 00:00:00', '0000-00-00 00:00:00'),
(199, '', 'Orfan?', 'Giuseppe', '', '', '', '', '', '', '', '', '', 0, 0, '0000-00-00 00:00:00', '0000-00-00 00:00:00'),
(200, '', 'Orfan?', 'Giuseppe IRAP integrativa', '', '', '', '', '', '', '', '', '', 0, 0, '0000-00-00 00:00:00', '0000-00-00 00:00:00'),
(201, '', 'Pagliero', 'Alessandro', '', '', '', '', '', '', '', '', '', 0, 0, '0000-00-00 00:00:00', '0000-00-00 00:00:00'),
(202, '', 'Pagliero', 'Gianluigi', '', '', '', '', '', '', '', '', '', 0, 0, '0000-00-00 00:00:00', '0000-00-00 00:00:00'),
(203, '', 'Palombino', 'Loris', '', '', '', '', '', '', '', '', '', 0, 0, '0000-00-00 00:00:00', '0000-00-00 00:00:00'),
(204, '', 'Panagiotakis', 'P.', '', '', '', '', '', '', '', '', '', 0, 0, '0000-00-00 00:00:00', '0000-00-00 00:00:00'),
(205, '', 'Paracciani', 'Allegra', '', '', '', '', '', '', '', '', '', 0, 0, '0000-00-00 00:00:00', '0000-00-00 00:00:00'),
(206, '', 'Pelagatti', 'Paolo', '', '', '', '', '', '', '', '', '', 0, 0, '0000-00-00 00:00:00', '0000-00-00 00:00:00'),
(207, '', 'Pellegrino', 'Donato', '', '', '', '', '', '', '', '', '', 0, 0, '0000-00-00 00:00:00', '0000-00-00 00:00:00'),
(208, '', 'Pignata', 'Fabrizio', '', '', '', '', '', '', '', '', '', 0, 0, '0000-00-00 00:00:00', '0000-00-00 00:00:00'),
(209, '', 'Piras', 'Salvatore', '', '', '', '', '', '', '', '', '', 0, 0, '0000-00-00 00:00:00', '0000-00-00 00:00:00'),
(210, '', '#VALORE!', '#VALORE!', '', '', '', '', '', '', '', '', '', 0, 0, '0000-00-00 00:00:00', '0000-00-00 00:00:00'),
(211, '', 'Prigione', 'Scolara M.', '', '', '', '', '', '', '', '', '', 0, 0, '0000-00-00 00:00:00', '0000-00-00 00:00:00'),
(212, '', 'Prinetto', 'Silvia', '', '', '', '', '', '', '', '', '', 0, 0, '0000-00-00 00:00:00', '0000-00-00 00:00:00'),
(213, '', 'Prioglio', 'Gabriella', '', '', '', '', '', '', '', '', '', 0, 0, '0000-00-00 00:00:00', '0000-00-00 00:00:00'),
(214, '', 'Priotti', 'Claudia', '', '', '', '', '', '', '', '', '', 0, 0, '0000-00-00 00:00:00', '0000-00-00 00:00:00'),
(215, '', 'Putzolu', 'Roberto', '', '', '', '', '', '', '', '', '', 0, 0, '0000-00-00 00:00:00', '0000-00-00 00:00:00'),
(216, '', 'Rampa', 'Elena', '', '', '', '', '', '', '', '', '', 0, 0, '0000-00-00 00:00:00', '0000-00-00 00:00:00'),
(217, '', 'Rampa', 'Bruno Ferruccio', '', '', '', '', '', '', '', '', '', 0, 0, '0000-00-00 00:00:00', '0000-00-00 00:00:00'),
(218, '', 'Ranellucci', 'Vittoria', '', '', '', '', '', '', '', '', '', 0, 0, '0000-00-00 00:00:00', '0000-00-00 00:00:00'),
(219, '', 'Raiteri', 'Marco Camillo', '', '', '', '', '', '', '', '', '', 0, 0, '0000-00-00 00:00:00', '0000-00-00 00:00:00'),
(220, '', 'Raiteri', 'Elisabetta', '', '', '', '', '', '', '', '', '', 0, 0, '0000-00-00 00:00:00', '0000-00-00 00:00:00'),
(221, '', 'Raiteri', 'Filippo', '', '', '', '', '', '', '', '', '', 0, 0, '0000-00-00 00:00:00', '0000-00-00 00:00:00'),
(222, '', 'Rapelli', 'Fabio', '', '', '', '', '', '', '', '', '', 0, 0, '0000-00-00 00:00:00', '0000-00-00 00:00:00'),
(223, '', 'Raposo', 'Giuseppina', '', '', '', '', '', '', '', '', '', 0, 0, '0000-00-00 00:00:00', '0000-00-00 00:00:00'),
(224, '', 'Rocca', 'Alessandro', '', '', '', '', '', '', '', '', '', 0, 0, '0000-00-00 00:00:00', '0000-00-00 00:00:00'),
(225, '', 'Rocca', 'Cristina', '', '', '', '', '', '', '', '', '', 0, 0, '0000-00-00 00:00:00', '0000-00-00 00:00:00'),
(226, '', 'Rocca', 'Federico', '', '', '', '', '', '', '', '', '', 0, 0, '0000-00-00 00:00:00', '0000-00-00 00:00:00'),
(227, '', 'Rocca', 'Giorgio', '', '', '', '', '', '', '', '', '', 0, 0, '0000-00-00 00:00:00', '0000-00-00 00:00:00'),
(228, '', 'Rocca', 'Gisella', '', '', '', '', '', '', '', '', '', 0, 0, '0000-00-00 00:00:00', '0000-00-00 00:00:00'),
(229, '', 'Rocca', 'Mario', '', '', '', '', '', '', '', '', '', 0, 0, '0000-00-00 00:00:00', '0000-00-00 00:00:00'),
(230, '', 'Rocca', 'Maurizio', '', '', '', '', '', '', '', '', '', 0, 0, '0000-00-00 00:00:00', '0000-00-00 00:00:00'),
(231, '', 'Rocci', 'Ivan', '', '', '', '', '', '', '', '', '', 0, 0, '0000-00-00 00:00:00', '0000-00-00 00:00:00'),
(232, '', 'Rododendro', 'Fabio', '', '', '', '', '', '', '', '', '', 0, 0, '0000-00-00 00:00:00', '0000-00-00 00:00:00'),
(233, '', 'Rogina', 'Armando', '', '', '', '', '', '', '', '', '', 0, 0, '0000-00-00 00:00:00', '0000-00-00 00:00:00'),
(234, '', 'Rogina', 'Mattia', '', '', '', '', '', '', '', '', '', 0, 0, '0000-00-00 00:00:00', '0000-00-00 00:00:00'),
(235, '', 'Rogina', 'Riccardo', '', '', '', '', '', '', '', '', '', 0, 0, '0000-00-00 00:00:00', '0000-00-00 00:00:00'),
(236, '', 'Romano', 'Giuseppe', '', '', '', '', '', '', '', '', '', 0, 0, '0000-00-00 00:00:00', '0000-00-00 00:00:00'),
(237, '', 'Romano', 'Angela', '', '', '', '', '', '', '', '', '', 0, 0, '0000-00-00 00:00:00', '0000-00-00 00:00:00'),
(238, '', 'Rosotto', 'Francesco', '', '', '', '', '', '', '', '', '', 0, 0, '0000-00-00 00:00:00', '0000-00-00 00:00:00'),
(239, '', 'Rubino', 'Gianluigi', '', '', '', '', '', '', '', '', '', 0, 0, '0000-00-00 00:00:00', '0000-00-00 00:00:00'),
(240, '', 'Rusconi', 'Patrizia', '', '', '', '', '', '', '', '', '', 0, 0, '0000-00-00 00:00:00', '0000-00-00 00:00:00'),
(241, '', 'Russo', 'Angelo', '', '', '', '', '', '', '', '', '', 0, 0, '0000-00-00 00:00:00', '0000-00-00 00:00:00'),
(242, '', 'Russo', 'Francesco', '', '', '', '', '', '', '', '', '', 0, 0, '0000-00-00 00:00:00', '0000-00-00 00:00:00'),
(243, '', 'Sacchi', 'Andrea', '', '', '', '', '', '', '', '', '', 0, 0, '0000-00-00 00:00:00', '0000-00-00 00:00:00'),
(244, '', 'Sacchi', 'Giuliana', '', '', '', '', '', '', '', '', '', 0, 0, '0000-00-00 00:00:00', '0000-00-00 00:00:00'),
(245, '', 'Salerno', 'Rosanna', '', '', '', '', '', '', '', '', '', 0, 0, '0000-00-00 00:00:00', '0000-00-00 00:00:00'),
(246, '', 'Sanino', 'Roberto', '', '', '', '', '', '', '', '', '', 0, 0, '0000-00-00 00:00:00', '0000-00-00 00:00:00'),
(247, '', 'Sanna', 'Federica', '', '', '', '', '', '', '', '', '', 0, 0, '0000-00-00 00:00:00', '0000-00-00 00:00:00'),
(248, '', 'Santonastaso', 'Giacomo', '', '', '', '', '', '', '', '', '', 0, 0, '0000-00-00 00:00:00', '0000-00-00 00:00:00'),
(249, '', 'Santoro', 'Antonio', '', '', '', '', '', '', '', '', '', 0, 0, '0000-00-00 00:00:00', '0000-00-00 00:00:00'),
(250, '', 'Saraco', 'Daniela', '', '', '', '', '', '', '', '', '', 0, 0, '0000-00-00 00:00:00', '0000-00-00 00:00:00'),
(251, '', 'Sardi', 'Loredana', '', '', '', '', '', '', '', '', '', 0, 0, '0000-00-00 00:00:00', '0000-00-00 00:00:00'),
(252, '', 'Sartori', 'Liliana', '', '', '', '', '', '', '', '', '', 0, 0, '0000-00-00 00:00:00', '0000-00-00 00:00:00'),
(253, '', 'Sartori', 'Liliana (INTEGRATIVA)', '', '', '', '', '', '', '', '', '', 0, 0, '0000-00-00 00:00:00', '0000-00-00 00:00:00'),
(254, '', 'Sbicego', 'Marco', '', '', '', '', '', '', '', '', '', 0, 0, '0000-00-00 00:00:00', '0000-00-00 00:00:00'),
(255, '', 'Scalerandi', 'Guido', '', '', '', '', '', '', '', '', '', 0, 0, '0000-00-00 00:00:00', '0000-00-00 00:00:00'),
(256, '', 'Schisa', 'Elena', '', '', '', '', '', '', '', '', '', 0, 0, '0000-00-00 00:00:00', '0000-00-00 00:00:00'),
(257, '', 'Scerrato', 'Giuseppina', '', '', '', '', '', '', '', '', '', 0, 0, '0000-00-00 00:00:00', '0000-00-00 00:00:00'),
(258, '', 'Sciarrino', 'Salvatore', '', '', '', '', '', '', '', '', '', 0, 0, '0000-00-00 00:00:00', '0000-00-00 00:00:00'),
(259, '', 'Sciretti', 'Fabio', '', '', '', '', '', '', '', '', '', 0, 0, '0000-00-00 00:00:00', '0000-00-00 00:00:00'),
(260, '', 'Sciretti', 'Michele', '', '', '', '', '', '', '', '', '', 0, 0, '0000-00-00 00:00:00', '0000-00-00 00:00:00'),
(261, '', 'Selvitano', 'Gerardo', '', '', '', '', '', '', '', '', '', 0, 0, '0000-00-00 00:00:00', '0000-00-00 00:00:00'),
(262, '', 'Siciliano', 'Gabriella', '', '', '', '', '', '', '', '', '', 0, 0, '0000-00-00 00:00:00', '0000-00-00 00:00:00'),
(263, '', 'Sottosanti', 'Antonino', '', '', '', '', '', '', '', '', '', 0, 0, '0000-00-00 00:00:00', '0000-00-00 00:00:00'),
(264, '', 'Sottosanti', 'Mario', '', '', '', '', '', '', '', '', '', 0, 0, '0000-00-00 00:00:00', '0000-00-00 00:00:00'),
(265, '', 'Spavara', 'Santi', '', '', '', '', '', '', '', '', '', 0, 0, '0000-00-00 00:00:00', '0000-00-00 00:00:00'),
(266, '', 'Spinello', 'Massimiliano', '', '', '', '', '', '', '', '', '', 0, 0, '0000-00-00 00:00:00', '0000-00-00 00:00:00'),
(267, '', 'Stefani', 'Alessandro', '', '', '', '', '', '', '', '', '', 0, 0, '0000-00-00 00:00:00', '0000-00-00 00:00:00'),
(268, '', 'Strada', 'Oronzo', '', '', '', '', '', '', '', '', '', 0, 0, '0000-00-00 00:00:00', '0000-00-00 00:00:00'),
(269, '', 'Strada', 'Luca', '', '', '', '', '', '', '', '', '', 0, 0, '0000-00-00 00:00:00', '0000-00-00 00:00:00'),
(270, '', 'Strazzera', 'Carla', '', '', '', '', '', '', '', '', '', 0, 0, '0000-00-00 00:00:00', '0000-00-00 00:00:00'),
(271, '', 'Tabasso', 'Silvia ', '', '', '', '', '', '', '', '', '', 0, 0, '0000-00-00 00:00:00', '0000-00-00 00:00:00'),
(272, '', 'Tealdo', 'Marco', '', '', '', '', '', '', '', '', '', 0, 0, '0000-00-00 00:00:00', '0000-00-00 00:00:00'),
(273, '', 'Testa', 'Antonio', '', '', '', '', '', '', '', '', '', 0, 0, '0000-00-00 00:00:00', '0000-00-00 00:00:00'),
(274, '', 'Troni', 'Paolo', '', '', '', '', '', '', '', '', '', 0, 0, '0000-00-00 00:00:00', '0000-00-00 00:00:00'),
(275, '', 'Tomasi', 'Maurizio', '', '', '', '', '', '', '', '', '', 0, 0, '0000-00-00 00:00:00', '0000-00-00 00:00:00'),
(276, '', 'Uslenghi', 'Donatella', '', '', '', '', '', '', '', '', '', 0, 0, '0000-00-00 00:00:00', '0000-00-00 00:00:00'),
(277, '', 'Vergano', 'Paolo', '', '', '', '', '', '', '', '', '', 0, 0, '0000-00-00 00:00:00', '0000-00-00 00:00:00'),
(278, '', 'Vergero', 'Marco', '', '', '', '', '', '', '', '', '', 0, 0, '0000-00-00 00:00:00', '0000-00-00 00:00:00'),
(279, '', 'Vergero', 'Roberto', '', '', '', '', '', '', '', '', '', 0, 0, '0000-00-00 00:00:00', '0000-00-00 00:00:00'),
(280, '', 'Verrecchia', 'Davide', '', '', '', '', '', '', '', '', '', 0, 0, '0000-00-00 00:00:00', '0000-00-00 00:00:00'),
(281, '', 'Vezzetti', 'Enrico', '', '', '', '', '', '', '', '', '', 0, 0, '0000-00-00 00:00:00', '0000-00-00 00:00:00'),
(282, '', 'Vianello', 'Claudia', '', '', '', '', '', '', '', '', '', 0, 0, '0000-00-00 00:00:00', '0000-00-00 00:00:00'),
(283, '', 'Viano', 'Maria Delfina', '', '', '', '', '', '', '', '', '', 0, 0, '0000-00-00 00:00:00', '0000-00-00 00:00:00'),
(284, '', 'Villa', 'Andrea', '', '', '', '', '', '', '', '', '', 0, 0, '0000-00-00 00:00:00', '0000-00-00 00:00:00'),
(285, '', 'Vinci', 'Stefania', '', '', '', '', '', '', '', '', '', 0, 0, '0000-00-00 00:00:00', '0000-00-00 00:00:00'),
(286, '', 'Viola', 'Alessandro', '', '', '', '', '', '', '', '', '', 0, 0, '0000-00-00 00:00:00', '0000-00-00 00:00:00'),
(287, '', 'Viola', 'Romolo', '', '', '', '', '', '', '', '', '', 0, 0, '0000-00-00 00:00:00', '0000-00-00 00:00:00'),
(288, '', 'Visentini', 'Luca', '', '', '', '', '', '', '', '', '', 0, 0, '0000-00-00 00:00:00', '0000-00-00 00:00:00'),
(289, '', 'Vitiello', 'Giorgio', '', '', '', '', '', '', '', '', '', 0, 0, '0000-00-00 00:00:00', '0000-00-00 00:00:00'),
(290, '', 'Vittone', 'Alessandro', '', '', '', '', '', '', '', '', '', 0, 0, '0000-00-00 00:00:00', '0000-00-00 00:00:00'),
(291, '', 'Vittone', 'Renaldo', '', '', '', '', '', '', '', '', '', 0, 0, '0000-00-00 00:00:00', '0000-00-00 00:00:00'),
(292, '', 'Zoccolan', 'Marco', '', '', '', '', '', '', '', '', '', 0, 0, '0000-00-00 00:00:00', '0000-00-00 00:00:00');

-- --------------------------------------------------------

--
-- Struttura della tabella `calendar_events`
--

CREATE TABLE IF NOT EXISTS `calendar_events` (
`id` int(11) NOT NULL,
  `title` varchar(255) NOT NULL,
  `start` datetime NOT NULL,
  `end` datetime NOT NULL,
  `allDay` int(1) NOT NULL,
  `backgroundColor` varchar(10) NOT NULL,
  `borderColor` varchar(10) NOT NULL,
  `note` varchar(255) NOT NULL,
  `created` datetime NOT NULL,
  `modified` datetime NOT NULL
) ENGINE=InnoDB AUTO_INCREMENT=3 DEFAULT CHARSET=latin1;

--
-- Dump dei dati per la tabella `calendar_events`
--

INSERT INTO `calendar_events` (`id`, `title`, `start`, `end`, `allDay`, `backgroundColor`, `borderColor`, `note`, `created`, `modified`) VALUES
(1, 'zio mario', '2015-11-17 09:30:00', '2015-11-17 13:00:00', 0, '', '', '', '2015-11-17 15:22:26', '2015-11-17 15:38:52');

-- --------------------------------------------------------

--
-- Struttura della tabella `configurations`
--

CREATE TABLE IF NOT EXISTS `configurations` (
`id` int(11) NOT NULL,
  `key_conf` varchar(255) NOT NULL,
  `label` varchar(255) NOT NULL,
  `tooltip` varchar(255) NOT NULL,
  `value` varchar(255) NOT NULL,
  `level` int(11) NOT NULL COMMENT 'Indica il livello di utenza abilitato alla modifica',
  `created` datetime NOT NULL,
  `modified` datetime NOT NULL
) ENGINE=InnoDB AUTO_INCREMENT=6 DEFAULT CHARSET=latin1;

--
-- Dump dei dati per la tabella `configurations`
--

INSERT INTO `configurations` (`id`, `key_conf`, `label`, `tooltip`, `value`, `level`, `created`, `modified`) VALUES
(2, 'APP_NAME3', 'App Name', 'Nome dell''applicazione', 'MyApp', 500, '2015-08-05 08:02:34', '2015-08-05 08:56:07'),
(4, 'APP_NAME', 'App Name', 'Nome dell''applicazione', 'MyApp', 0, '2015-08-05 08:13:11', '2015-08-05 08:13:11'),
(5, 'APP_NAME2', 'App Name', 'Nome dell''applicazione', 'MyApp', 0, '2015-08-05 08:40:58', '2015-08-05 08:40:58');

-- --------------------------------------------------------

--
-- Struttura della tabella `contatti`
--

CREATE TABLE IF NOT EXISTS `contatti` (
`id` int(11) NOT NULL,
  `id_azienda` int(11) NOT NULL,
  `id_sede` int(11) NOT NULL,
  `id_ruolo` int(11) NOT NULL,
  `nome` varchar(255) NOT NULL,
  `cognome` varchar(255) NOT NULL,
  `telefono` varchar(50) NOT NULL,
  `cellulare` varchar(50) NOT NULL,
  `email` varchar(50) NOT NULL,
  `fax` varchar(50) NOT NULL,
  `skype` varchar(50) NOT NULL,
  `indirizzo` varchar(255) NOT NULL,
  `num_civico` varchar(50) NOT NULL,
  `cap` int(5) NOT NULL,
  `comune` varchar(255) NOT NULL,
  `provincia` varchar(255) NOT NULL,
  `nazione` varchar(255) NOT NULL,
  `cf` varchar(50) NOT NULL,
  `created` datetime NOT NULL,
  `modified` datetime NOT NULL
) ENGINE=InnoDB AUTO_INCREMENT=10 DEFAULT CHARSET=latin1;

--
-- Dump dei dati per la tabella `contatti`
--

INSERT INTO `contatti` (`id`, `id_azienda`, `id_sede`, `id_ruolo`, `nome`, `cognome`, `telefono`, `cellulare`, `email`, `fax`, `skype`, `indirizzo`, `num_civico`, `cap`, `comune`, `provincia`, `nazione`, `cf`, `created`, `modified`) VALUES
(1, 3, 1, 1, 'Giulio', 'Bianchi', '', '', '', '', '', '', '', 0, '', '', '', '', '2015-10-14 10:11:42', '2015-10-14 10:20:59'),
(2, 3, 1, 2, 'Paola', 'Ferrari', '', '', '', '', '', '', '', 0, '', '', '', '', '2015-10-14 10:13:44', '2015-10-14 10:46:23'),
(4, 3, 1, 2, 'Luca', 'Verdi', '', '', '', '', '', '', '', 0, '', '', '', '', '2015-10-14 10:47:10', '2015-10-14 10:48:31'),
(5, 3, 1, 2, 'Carlo', 'Conti', '', '', '', '', '', '', '', 0, '', '', '', '', '2015-10-14 10:48:18', '2015-10-14 10:48:18'),
(6, 3, 2, 1, 'Luigi', 'Capello', '', '', '', '', '', '', '', 0, '', '', '', '', '2015-10-14 14:02:11', '2015-10-14 14:02:11'),
(7, 3, 6, 1, 'Giovanni', 'Garibaldi', '', '', '', '', '', '', '', 0, '', '', '', '', '2015-10-14 14:10:36', '2015-10-14 14:10:36'),
(8, 1, 7, 1, 'Enzo', 'Mandola', '', '', '', '', '', '', '', 0, '', '', '', '', '2015-10-14 14:21:00', '2015-10-14 14:21:00'),
(9, 1, 7, 2, 'Stefania', 'Codecà', '', '', '', '', '', '', '', 0, '', '', '', '', '2015-10-14 14:59:22', '2015-10-14 14:59:22');

-- --------------------------------------------------------

--
-- Struttura della tabella `contatti_ruoli`
--

CREATE TABLE IF NOT EXISTS `contatti_ruoli` (
`id` int(11) NOT NULL,
  `ruolo` varchar(255) NOT NULL,
  `order` int(11) NOT NULL,
  `created` datetime NOT NULL
) ENGINE=InnoDB AUTO_INCREMENT=3 DEFAULT CHARSET=latin1;

--
-- Dump dei dati per la tabella `contatti_ruoli`
--

INSERT INTO `contatti_ruoli` (`id`, `ruolo`, `order`, `created`) VALUES
(1, 'Direttore', 10, '0000-00-00 00:00:00'),
(2, 'Impiegato', 20, '0000-00-00 00:00:00');

-- --------------------------------------------------------

--
-- Struttura della tabella `frozentasks`
--

CREATE TABLE IF NOT EXISTS `frozentasks` (
`id` int(11) NOT NULL,
  `job_id` int(11) DEFAULT NULL,
  `user_id` int(11) DEFAULT NULL,
  `order_id` int(11) DEFAULT NULL,
  `phase_id` int(11) DEFAULT NULL,
  `title` varchar(255) DEFAULT NULL,
  `start` datetime DEFAULT NULL,
  `end` datetime DEFAULT NULL,
  `allDay` int(1) NOT NULL,
  `backgroundColor` varchar(10) DEFAULT NULL,
  `borderColor` varchar(10) DEFAULT NULL,
  `byPlanning` int(1) DEFAULT NULL,
  `plannedLenght` int(11) DEFAULT NULL COMMENT 'in secondi',
  `completed` int(1) NOT NULL,
  `note` varchar(255) DEFAULT NULL,
  `created` datetime NOT NULL,
  `modified` datetime NOT NULL
) ENGINE=InnoDB DEFAULT CHARSET=latin1;

-- --------------------------------------------------------

--
-- Struttura della tabella `jobs`
--

CREATE TABLE IF NOT EXISTS `jobs` (
`id` int(11) NOT NULL,
  `code` varchar(255) DEFAULT NULL,
  `name` varchar(255) DEFAULT NULL,
  `isPlannable` int(1) DEFAULT NULL,
  `borderColor` varchar(10) DEFAULT NULL,
  `created` datetime NOT NULL,
  `modified` datetime NOT NULL
) ENGINE=InnoDB AUTO_INCREMENT=64 DEFAULT CHARSET=latin1;

--
-- Dump dei dati per la tabella `jobs`
--

INSERT INTO `jobs` (`id`, `code`, `name`, `isPlannable`, `borderColor`, `created`, `modified`) VALUES
(2, '100', 'REGISTRAZIONE PRIMA NOTA CONTABILE ORDINARIA', 1, '', '0000-00-00 00:00:00', '2015-11-19 16:49:41'),
(3, '101', 'SITUAZIONI CONTABILI ORDINARIE', 1, '', '0000-00-00 00:00:00', '0000-00-00 00:00:00'),
(4, '102', 'REGISTRAZIONE IVA E CONTABILITA''  SEMPLIFICATA', 1, '', '0000-00-00 00:00:00', '0000-00-00 00:00:00'),
(5, '103', 'BILANCIO D''ESERCIZIO UE', 1, '', '0000-00-00 00:00:00', '0000-00-00 00:00:00'),
(6, '104', 'AGGIORNAM. SCHEDINI/PARCELLE', 0, '', '0000-00-00 00:00:00', '0000-00-00 00:00:00'),
(7, '105', 'REGISTRAZ. PRIMA NOTA CONTABILE  PROFESSIONISTI', 1, '', '0000-00-00 00:00:00', '0000-00-00 00:00:00'),
(8, '106', 'REGISTRAZIONE IVA ORDINARIA', 1, '', '0000-00-00 00:00:00', '0000-00-00 00:00:00'),
(9, '107', 'STAMPA LIBRI CONT. IVA SEMPLIF.', 1, '', '0000-00-00 00:00:00', '0000-00-00 00:00:00'),
(10, '108', 'AGGIORNAMENTO LIBRI SOCIALI', 1, '', '0000-00-00 00:00:00', '0000-00-00 00:00:00'),
(11, '109', 'CONSULENZA PROFESSIONALE', 0, '', '0000-00-00 00:00:00', '0000-00-00 00:00:00'),
(12, '110', 'DICHIARAZIONE REDDITI 730', 1, '', '0000-00-00 00:00:00', '0000-00-00 00:00:00'),
(13, '111', 'DICHIARAZIONI IVA', 1, '', '0000-00-00 00:00:00', '0000-00-00 00:00:00'),
(14, '112', 'DICHIARAZIONI MOD. 770', 1, '', '0000-00-00 00:00:00', '0000-00-00 00:00:00'),
(15, '113', 'AVVISI BONARI E CARTELLE E ACCERTAMENTO', 0, '', '0000-00-00 00:00:00', '0000-00-00 00:00:00'),
(16, '114', 'AGGIORNAMENTO PROFESSIONALE', 0, '', '0000-00-00 00:00:00', '0000-00-00 00:00:00'),
(17, '115', 'CONTRATTI LOCAZIONE', 0, '', '0000-00-00 00:00:00', '0000-00-00 00:00:00'),
(18, '116', 'GEST. INPS/ENASARCO', 0, '', '0000-00-00 00:00:00', '0000-00-00 00:00:00'),
(19, '117', 'AUTOLIQUIDAZIONE INAIL', 1, '', '0000-00-00 00:00:00', '0000-00-00 00:00:00'),
(20, '118', 'GESTIONE IMU', 1, '', '0000-00-00 00:00:00', '0000-00-00 00:00:00'),
(21, '119', 'PRATICHE AMMINISTRATIVE', 0, '', '0000-00-00 00:00:00', '0000-00-00 00:00:00'),
(22, '120', 'LAVORI VARI DI SEGRETERIA', 0, '', '0000-00-00 00:00:00', '0000-00-00 00:00:00'),
(23, '121', 'COMMISSIONI ESTERNE', 0, '', '0000-00-00 00:00:00', '0000-00-00 00:00:00'),
(24, '124', 'INTRA', 0, '', '0000-00-00 00:00:00', '0000-00-00 00:00:00'),
(25, '125', 'SITUAZIONI CONTABILI SEMPLIF.', 0, '', '0000-00-00 00:00:00', '0000-00-00 00:00:00'),
(26, '131', 'ARCHIVIAZIONE', 0, '', '0000-00-00 00:00:00', '0000-00-00 00:00:00'),
(27, '133', 'PROGRAMMAZIONE LAVORO', 0, '', '0000-00-00 00:00:00', '0000-00-00 00:00:00'),
(28, '134', 'RIMBORSO IVA E ALTRE IMPOSTE', 0, '', '0000-00-00 00:00:00', '0000-00-00 00:00:00'),
(29, '136', 'DICHIARAZIONE DI SUCCESSIONE', 0, '', '0000-00-00 00:00:00', '0000-00-00 00:00:00'),
(30, '137', 'PRATICHE PENSIONISTICHE', 0, '', '0000-00-00 00:00:00', '0000-00-00 00:00:00'),
(31, '138', 'RECUPERO CREDITI', 0, '', '0000-00-00 00:00:00', '0000-00-00 00:00:00'),
(32, '139', 'SPESOMETRO  / BLACK LIST', 1, '', '0000-00-00 00:00:00', '0000-00-00 00:00:00'),
(33, '140', 'REGISTRAZ.  IVA  PROFESSIONISTI', 1, '', '0000-00-00 00:00:00', '0000-00-00 00:00:00'),
(34, '141', 'SITUAZIONI CONTABILI PROFESSIONISTI', 1, '', '0000-00-00 00:00:00', '0000-00-00 00:00:00'),
(35, '142', 'STAMPA LIBRI CONTABILI ORDINARI', 1, '', '0000-00-00 00:00:00', '0000-00-00 00:00:00'),
(36, '150', 'DICHIARAZIONE REDDITI PF', 1, '', '0000-00-00 00:00:00', '0000-00-00 00:00:00'),
(37, '151', 'DICHIARAZIONE REDDITI SP', 1, '', '0000-00-00 00:00:00', '0000-00-00 00:00:00'),
(38, '152', 'DICHIARAZIONE REDDITI SC', 1, '', '0000-00-00 00:00:00', '0000-00-00 00:00:00'),
(39, '153', 'DICHIARAZIONE DI INTENTI', 0, '', '0000-00-00 00:00:00', '0000-00-00 00:00:00'),
(41, '160', 'F24 TELEMATICI', 0, '', '0000-00-00 00:00:00', '0000-00-00 00:00:00'),
(42, '170', 'COMUNICAZIONI MENSILE/ANNUALE HOLDING', 1, '', '0000-00-00 00:00:00', '0000-00-00 00:00:00'),
(43, '180', 'FERIE', 0, '', '0000-00-00 00:00:00', '0000-00-00 00:00:00'),
(44, '181', 'PERMESSI', 0, '', '0000-00-00 00:00:00', '0000-00-00 00:00:00');

-- --------------------------------------------------------

--
-- Struttura della tabella `jobsattributes`
--

CREATE TABLE IF NOT EXISTS `jobsattributes` (
`id` int(11) NOT NULL,
  `name` varchar(255) DEFAULT NULL,
  `ordering` int(11) NOT NULL,
  `key_attribute` varchar(32) NOT NULL,
  `created` datetime NOT NULL,
  `modified` datetime NOT NULL
) ENGINE=InnoDB AUTO_INCREMENT=6 DEFAULT CHARSET=latin1;

--
-- Dump dei dati per la tabella `jobsattributes`
--

INSERT INTO `jobsattributes` (`id`, `name`, `ordering`, `key_attribute`, `created`, `modified`) VALUES
(1, 'Persona fisica non titolare di Partita IVA', 1, 'TYPEOFBUSINESS', '0000-00-00 00:00:00', '0000-00-00 00:00:00'),
(2, 'Persona fisica con Partita IVA', 2, 'TYPEOFBUSINESS', '0000-00-00 00:00:00', '0000-00-00 00:00:00'),
(3, 'Persona fisica professionista', 3, 'TYPEOFBUSINESS', '0000-00-00 00:00:00', '0000-00-00 00:00:00'),
(4, 'Società di persone', 4, 'TYPEOFBUSINESS', '0000-00-00 00:00:00', '0000-00-00 00:00:00'),
(5, 'Società di Capitali', 5, 'TYPEOFBUSINESS', '0000-00-00 00:00:00', '0000-00-00 00:00:00');

-- --------------------------------------------------------

--
-- Struttura della tabella `jobs_jobsattributes`
--

CREATE TABLE IF NOT EXISTS `jobs_jobsattributes` (
`id` int(11) NOT NULL,
  `job_id` int(11) NOT NULL,
  `jobsattribute_id` int(11) NOT NULL,
  `created` datetime NOT NULL,
  `modified` datetime NOT NULL
) ENGINE=InnoDB AUTO_INCREMENT=5 DEFAULT CHARSET=latin1;

--
-- Dump dei dati per la tabella `jobs_jobsattributes`
--

INSERT INTO `jobs_jobsattributes` (`id`, `job_id`, `jobsattribute_id`, `created`, `modified`) VALUES
(1, 2, 1, '2015-11-19 00:00:00', '2015-11-19 00:00:00'),
(2, 3, 2, '2015-11-19 00:00:00', '2015-11-19 00:00:00'),
(3, 4, 1, '0000-00-00 00:00:00', '0000-00-00 00:00:00'),
(4, 5, 3, '0000-00-00 00:00:00', '0000-00-00 00:00:00');

-- --------------------------------------------------------

--
-- Struttura della tabella `jobs_orders`
--

CREATE TABLE IF NOT EXISTS `jobs_orders` (
`id` int(11) NOT NULL,
  `order_id` int(11) DEFAULT NULL,
  `user_id` int(11) DEFAULT NULL,
  `process_id` int(11) DEFAULT NULL,
  `phase_id` int(11) DEFAULT NULL COMMENT 'stato corrente',
  `job_id` int(11) DEFAULT NULL,
  `isLocked` int(1) NOT NULL DEFAULT '0',
  `totalTime` int(11) DEFAULT NULL COMMENT 'in secondi',
  `notes` varchar(255) DEFAULT NULL,
  `created` datetime NOT NULL,
  `modified` datetime NOT NULL
) ENGINE=InnoDB AUTO_INCREMENT=19 DEFAULT CHARSET=latin1;

--
-- Dump dei dati per la tabella `jobs_orders`
--

INSERT INTO `jobs_orders` (`id`, `order_id`, `user_id`, `process_id`, `phase_id`, `job_id`, `isLocked`, `totalTime`, `notes`, `created`, `modified`) VALUES
(17, 12, 1, 2, NULL, 2, 0, 39600, NULL, '0000-00-00 00:00:00', '0000-00-00 00:00:00'),
(18, 12, 0, 0, NULL, 4, 0, NULL, NULL, '0000-00-00 00:00:00', '0000-00-00 00:00:00');

-- --------------------------------------------------------

--
-- Struttura della tabella `jobs_processes`
--

CREATE TABLE IF NOT EXISTS `jobs_processes` (
`id` int(11) NOT NULL,
  `process_id` int(11) DEFAULT NULL,
  `job_id` int(11) DEFAULT NULL,
  `created` datetime NOT NULL,
  `modified` datetime NOT NULL
) ENGINE=InnoDB AUTO_INCREMENT=3 DEFAULT CHARSET=latin1;

--
-- Dump dei dati per la tabella `jobs_processes`
--

INSERT INTO `jobs_processes` (`id`, `process_id`, `job_id`, `created`, `modified`) VALUES
(1, 1, 2, '2015-11-17 00:00:00', '2015-11-17 00:00:00'),
(2, 2, 2, '2015-11-17 00:00:00', '2015-11-17 00:00:00');

-- --------------------------------------------------------

--
-- Struttura della tabella `messages`
--

CREATE TABLE IF NOT EXISTS `messages` (
`id` int(11) NOT NULL,
  `userSource_id` int(11) DEFAULT NULL,
  `userDest_id` int(11) DEFAULT NULL,
  `dateReaded` datetime DEFAULT NULL,
  `dateWrited` datetime DEFAULT NULL,
  `message` text,
  `created` datetime NOT NULL,
  `modified` datetime NOT NULL
) ENGINE=InnoDB AUTO_INCREMENT=7 DEFAULT CHARSET=latin1;

--
-- Dump dei dati per la tabella `messages`
--

INSERT INTO `messages` (`id`, `userSource_id`, `userDest_id`, `dateReaded`, `dateWrited`, `message`, `created`, `modified`) VALUES
(3, 55, 55, NULL, '2015-11-20 02:00:00', 'hello world', '2015-11-20 02:00:00', '2015-11-21 00:00:00'),
(4, 55, 55, NULL, '2015-11-21 00:00:00', 'seconda notifica', '2015-11-21 00:00:00', '2015-11-21 00:00:00'),
(5, 1, 55, NULL, '2015-11-21 00:00:00', 'terza notifica da marco', '2015-11-21 00:00:00', '2015-11-21 00:00:00'),
(6, 1, 1, NULL, '2015-11-21 00:00:00', 'notifica di marco solo per marco', '2015-11-21 00:00:00', '2015-11-21 00:00:00');

-- --------------------------------------------------------

--
-- Struttura della tabella `offices`
--

CREATE TABLE IF NOT EXISTS `offices` (
`id` int(11) NOT NULL,
  `name` varchar(255) DEFAULT NULL,
  `created` datetime NOT NULL,
  `modified` datetime NOT NULL
) ENGINE=InnoDB AUTO_INCREMENT=6 DEFAULT CHARSET=latin1;

--
-- Dump dei dati per la tabella `offices`
--

INSERT INTO `offices` (`id`, `name`, `created`, `modified`) VALUES
(1, 'CdI', '0000-00-00 00:00:00', '0000-00-00 00:00:00'),
(2, 'T&A', '0000-00-00 00:00:00', '0000-00-00 00:00:00'),
(3, 'Mercuri', '0000-00-00 00:00:00', '0000-00-00 00:00:00'),
(4, 'Scalfaro', '0000-00-00 00:00:00', '0000-00-00 00:00:00'),
(5, 'Testa', '0000-00-00 00:00:00', '0000-00-00 00:00:00');

-- --------------------------------------------------------

--
-- Struttura della tabella `orders`
--

CREATE TABLE IF NOT EXISTS `orders` (
`id` int(11) NOT NULL,
  `userPartner_id` int(11) DEFAULT NULL,
  `azienda_id` int(11) NOT NULL,
  `office_id` int(11) DEFAULT NULL,
  `jobattribute_id` int(11) NOT NULL,
  `year` int(11) NOT NULL,
  `hasPIVA` int(1) DEFAULT NULL,
  `hasIRAP` int(1) DEFAULT NULL,
  `isIVAAutonoma` int(1) NOT NULL,
  `isLocked` int(1) NOT NULL,
  `created` datetime NOT NULL,
  `modified` datetime NOT NULL
) ENGINE=InnoDB AUTO_INCREMENT=13 DEFAULT CHARSET=latin1;

--
-- Dump dei dati per la tabella `orders`
--

INSERT INTO `orders` (`id`, `userPartner_id`, `azienda_id`, `office_id`, `jobattribute_id`, `year`, `hasPIVA`, `hasIRAP`, `isIVAAutonoma`, `isLocked`, `created`, `modified`) VALUES
(1, NULL, 1, NULL, 0, 2015, NULL, NULL, 0, 0, '2015-11-17 00:00:00', '2015-11-17 00:00:00'),
(2, NULL, 1, NULL, 0, 2016, NULL, NULL, 0, 0, '2015-11-17 00:00:00', '2015-11-17 00:00:00'),
(12, 55, 12, 3, 1, 2015, 1, 0, 0, 1, '2015-11-19 11:22:12', '2015-11-20 11:35:48');

-- --------------------------------------------------------

--
-- Struttura della tabella `phases`
--

CREATE TABLE IF NOT EXISTS `phases` (
`id` int(11) NOT NULL,
  `process_id` int(11) DEFAULT NULL,
  `name` varchar(255) DEFAULT NULL,
  `weight` int(11) DEFAULT NULL,
  `milestone` varchar(255) DEFAULT NULL,
  `ordering` int(11) DEFAULT NULL,
  `created` datetime NOT NULL,
  `modified` datetime NOT NULL
) ENGINE=InnoDB AUTO_INCREMENT=27 DEFAULT CHARSET=latin1;

--
-- Dump dei dati per la tabella `phases`
--

INSERT INTO `phases` (`id`, `process_id`, `name`, `weight`, `milestone`, `ordering`, `created`, `modified`) VALUES
(1, 1, 'gennaio', NULL, 'dicembre completato', NULL, '0000-00-00 00:00:00', '0000-00-00 00:00:00'),
(2, 1, 'febbraio', NULL, 'gennaio completato', NULL, '0000-00-00 00:00:00', '0000-00-00 00:00:00'),
(3, 1, 'marzo', NULL, 'febbraio completato', NULL, '0000-00-00 00:00:00', '0000-00-00 00:00:00'),
(4, 1, 'aprile', NULL, 'marzo completato', NULL, '0000-00-00 00:00:00', '0000-00-00 00:00:00'),
(5, 1, 'maggio', NULL, 'aprile completato', NULL, '0000-00-00 00:00:00', '0000-00-00 00:00:00'),
(6, 1, 'giugno', NULL, 'maggio completato', NULL, '0000-00-00 00:00:00', '0000-00-00 00:00:00'),
(7, 1, 'luglio', NULL, 'giugno completato', NULL, '0000-00-00 00:00:00', '0000-00-00 00:00:00'),
(8, 1, 'agosto', NULL, 'luglio completato', NULL, '0000-00-00 00:00:00', '0000-00-00 00:00:00'),
(9, 1, 'settembre', NULL, 'agosto completato', NULL, '0000-00-00 00:00:00', '0000-00-00 00:00:00'),
(10, 1, 'ottobre', NULL, 'settembre completato', NULL, '0000-00-00 00:00:00', '0000-00-00 00:00:00'),
(11, 1, 'novembre', NULL, 'ottobre completato', NULL, '0000-00-00 00:00:00', '0000-00-00 00:00:00'),
(12, 1, 'dicembre', NULL, 'novembre completato', NULL, '0000-00-00 00:00:00', '0000-00-00 00:00:00'),
(13, 2, 'I trimestre', NULL, 'IV trimestre completato', NULL, '0000-00-00 00:00:00', '0000-00-00 00:00:00'),
(14, 2, 'II trimestre', NULL, 'I trimestre completato', NULL, '0000-00-00 00:00:00', '0000-00-00 00:00:00'),
(15, 2, 'III trimestre', NULL, 'II trimestre comoletato', NULL, '0000-00-00 00:00:00', '0000-00-00 00:00:00'),
(16, 2, 'IV trimestre', NULL, 'III trimestre completato', NULL, '0000-00-00 00:00:00', '0000-00-00 00:00:00'),
(17, 3, '16-febbraio', NULL, NULL, NULL, '0000-00-00 00:00:00', '0000-00-00 00:00:00'),
(18, 4, '28-febbraio', NULL, NULL, NULL, '0000-00-00 00:00:00', '0000-00-00 00:00:00'),
(19, 5, '30-maggio', NULL, NULL, NULL, '0000-00-00 00:00:00', '0000-00-00 00:00:00'),
(20, 6, '16 giugno', NULL, NULL, NULL, '0000-00-00 00:00:00', '0000-00-00 00:00:00'),
(21, 7, '16-luglio', NULL, NULL, NULL, '0000-00-00 00:00:00', '0000-00-00 00:00:00'),
(22, 8, '31-luglio', NULL, NULL, NULL, '0000-00-00 00:00:00', '0000-00-00 00:00:00'),
(23, 9, '31 dicembre', NULL, NULL, NULL, '0000-00-00 00:00:00', '0000-00-00 00:00:00'),
(24, 10, '1-gennaio', NULL, NULL, NULL, '0000-00-00 00:00:00', '0000-00-00 00:00:00'),
(25, 10, '1-giugno', NULL, NULL, NULL, '0000-00-00 00:00:00', '0000-00-00 00:00:00'),
(26, 11, '1-1-2015', NULL, NULL, NULL, '0000-00-00 00:00:00', '0000-00-00 00:00:00');

-- --------------------------------------------------------

--
-- Struttura della tabella `phasesdeadlines`
--

CREATE TABLE IF NOT EXISTS `phasesdeadlines` (
`id` int(11) NOT NULL,
  `phase_id` int(11) DEFAULT NULL,
  `year` char(4) NOT NULL,
  `deadline` date DEFAULT NULL,
  `created` datetime NOT NULL,
  `modified` datetime NOT NULL
) ENGINE=InnoDB AUTO_INCREMENT=13 DEFAULT CHARSET=latin1;

--
-- Dump dei dati per la tabella `phasesdeadlines`
--

INSERT INTO `phasesdeadlines` (`id`, `phase_id`, `year`, `deadline`, `created`, `modified`) VALUES
(1, 1, '2015', '2015-02-16', '0000-00-00 00:00:00', '0000-00-00 00:00:00'),
(2, 2, '2015', '2015-03-16', '0000-00-00 00:00:00', '0000-00-00 00:00:00'),
(3, 3, '2015', '2015-04-16', '0000-00-00 00:00:00', '0000-00-00 00:00:00'),
(4, 4, '2015', '2015-05-16', '0000-00-00 00:00:00', '0000-00-00 00:00:00'),
(5, 5, '2015', '2015-06-16', '0000-00-00 00:00:00', '0000-00-00 00:00:00'),
(6, 6, '2015', '2015-07-16', '0000-00-00 00:00:00', '0000-00-00 00:00:00'),
(7, 7, '2015', '2015-08-16', '0000-00-00 00:00:00', '0000-00-00 00:00:00'),
(8, 8, '2015', '2015-09-16', '0000-00-00 00:00:00', '0000-00-00 00:00:00'),
(9, 9, '2015', '2015-10-16', '0000-00-00 00:00:00', '0000-00-00 00:00:00'),
(10, 10, '2015', '2015-11-16', '0000-00-00 00:00:00', '0000-00-00 00:00:00'),
(11, 11, '2015', '2015-12-16', '0000-00-00 00:00:00', '0000-00-00 00:00:00'),
(12, 12, '2015', '2016-01-16', '0000-00-00 00:00:00', '0000-00-00 00:00:00');

-- --------------------------------------------------------

--
-- Struttura della tabella `processes`
--

CREATE TABLE IF NOT EXISTS `processes` (
`id` int(11) NOT NULL,
  `name` varchar(64) DEFAULT NULL,
  `toConsume` int(1) DEFAULT NULL COMMENT 'indica che i task derivati si programmato 1h alla volta',
  `created` datetime NOT NULL,
  `modified` datetime NOT NULL
) ENGINE=InnoDB AUTO_INCREMENT=12 DEFAULT CHARSET=latin1;

--
-- Dump dei dati per la tabella `processes`
--

INSERT INTO `processes` (`id`, `name`, `toConsume`, `created`, `modified`) VALUES
(1, 'mensile', 0, '0000-00-00 00:00:00', '0000-00-00 00:00:00'),
(2, 'trimestrale', 0, '0000-00-00 00:00:00', '0000-00-00 00:00:00'),
(3, '16-febbraio', 0, '0000-00-00 00:00:00', '0000-00-00 00:00:00'),
(4, '28-febbraio', 0, '0000-00-00 00:00:00', '0000-00-00 00:00:00'),
(5, '30-maggio', 0, '0000-00-00 00:00:00', '0000-00-00 00:00:00'),
(6, '16 giugno', 0, '0000-00-00 00:00:00', '0000-00-00 00:00:00'),
(7, '16-luglio', 0, '0000-00-00 00:00:00', '0000-00-00 00:00:00'),
(8, '31-luglio', 0, '0000-00-00 00:00:00', '0000-00-00 00:00:00'),
(9, '31 dicembre', 0, '0000-00-00 00:00:00', '0000-00-00 00:00:00'),
(10, '2 all''anno', 0, '0000-00-00 00:00:00', '0000-00-00 00:00:00'),
(11, 'annuale', 0, '0000-00-00 00:00:00', '0000-00-00 00:00:00');

-- --------------------------------------------------------

--
-- Struttura della tabella `sedi`
--

CREATE TABLE IF NOT EXISTS `sedi` (
`id` int(11) NOT NULL,
  `id_azienda` int(11) NOT NULL,
  `id_tipo` int(11) NOT NULL,
  `indirizzo` varchar(255) NOT NULL,
  `num_civico` varchar(50) NOT NULL,
  `cap` int(5) NOT NULL,
  `comune` varchar(255) NOT NULL,
  `provincia` varchar(255) NOT NULL,
  `nazione` varchar(255) NOT NULL,
  `telefono` varchar(50) NOT NULL,
  `email` varchar(50) NOT NULL,
  `cellulare` varchar(50) NOT NULL,
  `fax` varchar(50) NOT NULL,
  `skype` varchar(255) NOT NULL,
  `created` datetime NOT NULL,
  `modified` datetime NOT NULL
) ENGINE=InnoDB AUTO_INCREMENT=8 DEFAULT CHARSET=latin1;

--
-- Dump dei dati per la tabella `sedi`
--

INSERT INTO `sedi` (`id`, `id_azienda`, `id_tipo`, `indirizzo`, `num_civico`, `cap`, `comune`, `provincia`, `nazione`, `telefono`, `email`, `cellulare`, `fax`, `skype`, `created`, `modified`) VALUES
(1, 3, 1, 'Via le mani da li', '46', 12548, 'Qui', 'LA', '', '', '', '', '', '', '2015-10-13 15:00:31', '2015-10-13 15:00:31'),
(2, 3, 2, 'piazzza xx settembre', '46', 12548, 'Qui', 'LA', '', '', '', '', '', '', '2015-10-13 15:08:04', '2015-10-13 15:35:08'),
(3, 0, 1, 'asdgh', 'sd', 0, 'sdgh', 'sdgh', '', '', '', '', '', '', '2015-10-13 15:09:07', '2015-10-13 15:09:07'),
(4, 0, 2, 'sdfg', 'zasdf', 0, 'adfsv', 'asfvd', '', '', '', '', '', '', '2015-10-13 15:09:40', '2015-10-13 15:09:40'),
(6, 3, 1, 'sftg', 'sgb', 4245, 'sdfb', 'sdfg', '', '', '', '', '', '', '2015-10-13 15:12:07', '2015-10-13 15:12:07'),
(7, 1, 1, 'Via Valprato', '58', 10130, 'Torino', 'Piemonte', 'Italia', '', 'info@siemu.it', '', '', '', '2015-10-14 14:20:35', '2015-10-14 14:20:35');

-- --------------------------------------------------------

--
-- Struttura della tabella `sedi_tipi`
--

CREATE TABLE IF NOT EXISTS `sedi_tipi` (
`id` int(11) NOT NULL,
  `tipo` varchar(255) NOT NULL,
  `order` int(11) NOT NULL,
  `created` datetime NOT NULL
) ENGINE=InnoDB AUTO_INCREMENT=3 DEFAULT CHARSET=latin1;

--
-- Dump dei dati per la tabella `sedi_tipi`
--

INSERT INTO `sedi_tipi` (`id`, `tipo`, `order`, `created`) VALUES
(1, 'Sede Legale', 10, '0000-00-00 00:00:00'),
(2, 'Sede Operativa', 20, '0000-00-00 00:00:00');

-- --------------------------------------------------------

--
-- Struttura della tabella `tasks`
--

CREATE TABLE IF NOT EXISTS `tasks` (
`id` int(11) NOT NULL,
  `job_id` int(11) DEFAULT NULL,
  `user_id` int(11) DEFAULT NULL,
  `order_id` int(11) DEFAULT NULL,
  `phase_id` int(11) DEFAULT NULL,
  `title` varchar(255) DEFAULT NULL,
  `start` datetime DEFAULT NULL,
  `end` datetime DEFAULT NULL,
  `allDay` int(1) NOT NULL,
  `backgroundColor` varchar(10) DEFAULT NULL,
  `borderColor` varchar(10) DEFAULT NULL,
  `byPlanning` int(1) DEFAULT NULL,
  `plannedLenght` int(11) DEFAULT NULL COMMENT 'in secondi',
  `completed` int(1) NOT NULL,
  `note` varchar(255) DEFAULT NULL,
  `created` datetime NOT NULL,
  `modified` datetime NOT NULL
) ENGINE=InnoDB AUTO_INCREMENT=13 DEFAULT CHARSET=latin1;

--
-- Dump dei dati per la tabella `tasks`
--

INSERT INTO `tasks` (`id`, `job_id`, `user_id`, `order_id`, `phase_id`, `title`, `start`, `end`, `allDay`, `backgroundColor`, `borderColor`, `byPlanning`, `plannedLenght`, `completed`, `note`, `created`, `modified`) VALUES
(1, 2, 38, 2, 1, 'REGISTRAZIONE PRIMA NOTA CONTABILE ORDINARIA', NULL, NULL, 1, NULL, NULL, 1, 0, 1, NULL, '2015-11-17 14:45:59', '2015-11-17 14:45:59'),
(2, 2, 38, 2, 1, 'REGISTRAZIONE PRIMA NOTA CONTABILE ORDINARIA', '2015-11-04 00:00:00', '2015-11-05 00:00:00', 1, NULL, NULL, 1, 0, 1, NULL, '2015-11-17 14:50:37', '2015-11-17 14:50:37'),
(3, 2, 38, 2, 1, 'REGISTRAZIONE PRIMA NOTA CONTABILE ORDINARIA', '2015-11-18 08:00:00', '2015-11-18 10:00:00', 0, NULL, NULL, 1, 0, 1, NULL, '2015-11-17 15:00:05', '2015-11-17 15:09:25'),
(4, 2, 51, 2, 1, 'REGISTRAZIONE PRIMA NOTA CONTABILE ORDINARIA', '2015-11-19 10:00:00', '2015-11-19 10:30:00', 0, NULL, NULL, 1, 0, 1, NULL, '2015-11-17 15:06:23', '2015-11-17 15:06:23'),
(5, 2, 42, 2, 1, 'REGISTRAZIONE PRIMA NOTA CONTABILE ORDINARIA', '2015-11-19 11:00:00', '2015-11-19 11:30:00', 0, NULL, NULL, 1, 0, 1, NULL, '2015-11-17 15:11:14', '2015-11-17 15:36:46'),
(6, 4, 25, 0, NULL, 'REGISTRAZIONE IVA E CONTABILITA''  SEMPLIFICATA', '2015-11-19 12:00:00', '2015-11-19 13:00:00', 0, NULL, NULL, 1, 0, 1, NULL, '2015-11-17 15:16:16', '2015-11-17 15:37:37'),
(7, 2, 32, 2, 1, 'REGISTRAZIONE PRIMA NOTA CONTABILE ORDINARIA', '2015-11-18 13:00:00', '2015-11-18 13:30:00', 0, NULL, NULL, 1, 0, 1, NULL, '2015-11-17 15:19:46', '2015-11-17 15:19:46'),
(8, 2, 40, 2, 1, 'REGISTRAZIONE PRIMA NOTA CONTABILE ORDINARIA', '2015-11-18 14:00:00', '2015-11-18 14:30:00', 0, NULL, NULL, 1, 0, 1, NULL, '2015-11-17 15:23:42', '2015-11-17 15:23:42'),
(9, 2, 34, 2, 1, 'REGISTRAZIONE PRIMA NOTA CONTABILE ORDINARIA', '2015-11-18 15:00:00', '2015-11-18 15:30:00', 0, NULL, NULL, 1, 0, 1, NULL, '2015-11-17 15:24:42', '2015-11-17 15:24:42'),
(10, 2, 54, 2, 15, 'REGISTRAZIONE PRIMA NOTA CONTABILE ORDINARIA', '2015-11-20 08:00:00', '2015-11-20 09:30:00', 0, NULL, NULL, 0, 0, 0, NULL, '2015-11-18 09:45:29', '2015-11-18 09:52:55'),
(11, 2, 54, 2, 16, 'REGISTRAZIONE PRIMA NOTA CONTABILE ORDINARIA', '2015-11-19 08:00:00', '2015-11-19 09:30:00', 0, NULL, NULL, 0, 0, 0, NULL, '2015-11-18 09:49:26', '2015-11-18 09:52:20'),
(12, 2, 1, 1, 15, 'REGISTRAZIONE PRIMA NOTA CONTABILE ORDINARIA', '2015-11-17 10:00:00', '2015-11-17 11:30:00', 0, NULL, NULL, 0, 0, 0, 'una bella nota', '2015-11-20 15:54:07', '2015-11-20 15:54:07');

-- --------------------------------------------------------

--
-- Struttura della tabella `users`
--

CREATE TABLE IF NOT EXISTS `users` (
`id` int(10) unsigned NOT NULL,
  `username` varchar(50) DEFAULT NULL,
  `password` varchar(255) DEFAULT NULL,
  `role` varchar(20) DEFAULT 'user',
  `level` int(11) NOT NULL DEFAULT '0',
  `email` varchar(255) NOT NULL,
  `auth_email` int(1) NOT NULL DEFAULT '0',
  `recovery_code` varchar(255) NOT NULL,
  `auth_code` varchar(255) NOT NULL,
  `nome` varchar(255) NOT NULL,
  `cognome` varchar(255) NOT NULL,
  `parentUser_id` int(11) DEFAULT NULL,
  `isPartner` bit(1) DEFAULT NULL,
  `created` datetime DEFAULT NULL,
  `modified` datetime DEFAULT NULL
) ENGINE=InnoDB AUTO_INCREMENT=56 DEFAULT CHARSET=latin1;

--
-- Dump dei dati per la tabella `users`
--

INSERT INTO `users` (`id`, `username`, `password`, `role`, `level`, `email`, `auth_email`, `recovery_code`, `auth_code`, `nome`, `cognome`, `parentUser_id`, `isPartner`, `created`, `modified`) VALUES
(1, 'marco', '$2y$10$usedyHELH/62b94d7nSEFu68nDU2452rRWuHscl8O5D8thYRIFx/i', 'admin', 999, '', 1, '', '', 'Marco', 'Blua', 0, NULL, '2015-08-03 09:00:00', '2015-08-03 09:00:00'),
(25, 'm.leone', '$2y$10$Vgvlq1Pa6yoBuOp0FT60bOEP6LK76U0hXtmIYJV3WK4LVe3RVMuO.', 'user', 0, '', 0, '', '', 'Marta', 'Leone', NULL, NULL, NULL, NULL),
(26, 'c.campione', NULL, 'user', 0, '', 0, '', '', 'Cinzia', 'Campione', NULL, NULL, NULL, NULL),
(27, 'r.riga', NULL, 'user', 0, '', 0, '', '', 'Roberta', 'Riga', NULL, NULL, NULL, NULL),
(28, 'a.costanzo', NULL, 'user', 0, '', 0, '', '', 'Alessandro', 'Costanzo', NULL, NULL, NULL, NULL),
(29, 'f.sanna', NULL, 'user', 0, '', 0, '', '', 'Federica', 'Sanna', NULL, NULL, NULL, NULL),
(30, 'r.mosella', NULL, 'user', 0, '', 0, '', '', 'Raffaele', 'Mosella', NULL, NULL, NULL, NULL),
(31, 'p.grinza', NULL, 'user', 0, '', 0, '', '', 'Paola', 'Grinza', NULL, NULL, NULL, NULL),
(32, 'a.losavio', NULL, 'user', 0, '', 0, '', '', 'Alessia', 'Losavio', NULL, NULL, NULL, NULL),
(33, 'c.quarenghi', NULL, 'user', 0, '', 0, '', '', 'Carla', 'Quarenghi', NULL, NULL, NULL, NULL),
(34, 'd.calbello', NULL, 'user', 0, '', 0, '', '', 'Daniele', 'Calbello', NULL, NULL, NULL, NULL),
(35, 'j.portocarrero', NULL, 'user', 0, '', 0, '', '', 'Judith', 'Portocarrero', NULL, NULL, NULL, NULL),
(36, 'm.rosso', NULL, 'user', 0, '', 0, '', '', 'Mara', 'Rosso', NULL, NULL, NULL, NULL),
(37, 'f.milanese', NULL, 'user', 0, '', 0, '', '', 'Fulvio', 'Milanese', NULL, NULL, NULL, NULL),
(38, 'g.aronica', NULL, 'user', 0, '', 0, '', '', 'Germana', 'Aronica', NULL, NULL, NULL, NULL),
(39, 'g.chiadoviret', NULL, 'user', 0, '', 0, '', '', 'Giulia', 'Chiadò Viret', NULL, NULL, NULL, NULL),
(40, 'm.lanni', NULL, 'user', 0, '', 0, '', '', 'Maria', 'Lanni', NULL, NULL, NULL, NULL),
(41, 'r.pistillo', NULL, 'user', 0, '', 0, '', '', 'Robertina', 'Pistillo', NULL, NULL, NULL, NULL),
(42, 'r.dema', NULL, 'user', 0, '', 0, '', '', 'Rosanna', 'Dema', NULL, NULL, NULL, NULL),
(43, 's.piacquadio', NULL, 'user', 0, '', 0, '', '', 'Sabrin', 'Piacquadio', NULL, NULL, NULL, NULL),
(44, 's.giacomino', NULL, 'user', 0, '', 0, '', '', 'Sabrina', 'Giacomino', NULL, NULL, NULL, NULL),
(45, 'v.caruso', NULL, 'user', 0, '', 0, '', '', 'Valeria', 'Caruso', NULL, NULL, NULL, NULL),
(46, 's.cedda', NULL, 'user', 0, '', 0, '', '', 'Serena', 'Cedda', NULL, NULL, NULL, NULL),
(47, 'c.crispo', NULL, 'user', 0, '', 0, '', '', 'Claudia', 'Crispo', NULL, NULL, NULL, NULL),
(48, 'b.bergamo', NULL, 'user', 0, '', 0, '', '', 'Barbara', 'Bergamo', NULL, NULL, NULL, NULL),
(49, 'r.genna', NULL, 'user', 0, '', 0, '', '', 'Rosalba', 'Genna', NULL, NULL, NULL, NULL),
(50, 'a.cibin', NULL, 'user', 0, '', 0, '', '', 'Alessandra', 'Cibin', NULL, NULL, NULL, NULL),
(51, 'c.costanzo', NULL, 'user', 0, '', 0, '', '', 'Cristina', 'Costanzo', NULL, NULL, NULL, NULL),
(52, 'm.rivella', NULL, 'user', 0, '', 0, '', '', 'Cristina', 'Rivella', NULL, NULL, NULL, NULL),
(53, 'd.paradiso', NULL, 'user', 0, '', 0, '', '', 'Dolores', 'Paradiso', NULL, NULL, NULL, NULL),
(54, 'm.blua', '$2y$10$JP6N9ae9b0LO4CNJY/DYCeL0gH/Xl8Mz00ocrnDlfRuoMCDUeSveW', 'admin', 0, 'm.blua5@lochiva.com', 1, '', '', 'Marco', 'Blua', NULL, NULL, '2015-11-16 14:08:15', '2015-11-16 14:08:15'),
(55, 'prova', '$2y$10$3zo2sWBorDyUJKhfEO06H.Ep1E4WuUiYix.eTjP2K9h6gfp8Z0tOm', 'user', 0, '', 1, '', '', 'prova', 'prova', 54, b'1', '2015-11-16 15:30:49', '2015-11-16 15:30:49');

--
-- Indexes for dumped tables
--

--
-- Indexes for table `aziende`
--
ALTER TABLE `aziende`
 ADD PRIMARY KEY (`id`);

--
-- Indexes for table `calendar_events`
--
ALTER TABLE `calendar_events`
 ADD PRIMARY KEY (`id`);

--
-- Indexes for table `configurations`
--
ALTER TABLE `configurations`
 ADD PRIMARY KEY (`id`);

--
-- Indexes for table `contatti`
--
ALTER TABLE `contatti`
 ADD PRIMARY KEY (`id`);

--
-- Indexes for table `contatti_ruoli`
--
ALTER TABLE `contatti_ruoli`
 ADD PRIMARY KEY (`id`);

--
-- Indexes for table `frozentasks`
--
ALTER TABLE `frozentasks`
 ADD PRIMARY KEY (`id`), ADD KEY `id` (`id`), ADD KEY `operator_id` (`user_id`), ADD KEY `job_id` (`job_id`), ADD KEY `order_id` (`order_id`), ADD KEY `startdate` (`start`), ADD KEY `isplanned` (`byPlanning`), ADD KEY `phase_id` (`phase_id`), ADD KEY `completed` (`completed`);

--
-- Indexes for table `jobs`
--
ALTER TABLE `jobs`
 ADD PRIMARY KEY (`id`), ADD KEY `isplannable` (`isPlannable`);

--
-- Indexes for table `jobsattributes`
--
ALTER TABLE `jobsattributes`
 ADD UNIQUE KEY `id_4` (`id`), ADD KEY `id` (`id`), ADD KEY `id_2` (`id`), ADD KEY `id_3` (`id`), ADD KEY `key` (`key_attribute`);

--
-- Indexes for table `jobs_jobsattributes`
--
ALTER TABLE `jobs_jobsattributes`
 ADD PRIMARY KEY (`id`), ADD KEY `job_id` (`job_id`), ADD KEY `typeofbusiness_id` (`jobsattribute_id`);

--
-- Indexes for table `jobs_orders`
--
ALTER TABLE `jobs_orders`
 ADD PRIMARY KEY (`id`), ADD KEY `order_id` (`order_id`), ADD KEY `operator_id` (`user_id`), ADD KEY `process_id` (`process_id`), ADD KEY `currentphase_id` (`phase_id`), ADD KEY `job_id` (`job_id`), ADD KEY `monteore` (`totalTime`);

--
-- Indexes for table `jobs_processes`
--
ALTER TABLE `jobs_processes`
 ADD PRIMARY KEY (`id`), ADD KEY `process_id` (`process_id`), ADD KEY `job_id` (`job_id`);

--
-- Indexes for table `messages`
--
ALTER TABLE `messages`
 ADD PRIMARY KEY (`id`), ADD KEY `source_id` (`userSource_id`);

--
-- Indexes for table `offices`
--
ALTER TABLE `offices`
 ADD PRIMARY KEY (`id`);

--
-- Indexes for table `orders`
--
ALTER TABLE `orders`
 ADD PRIMARY KEY (`id`), ADD KEY `partner_id` (`userPartner_id`), ADD KEY `azienda_id` (`azienda_id`), ADD KEY `typeofbusiness_id` (`jobattribute_id`), ADD KEY `year` (`year`), ADD KEY `hasPIVA` (`hasPIVA`), ADD KEY `office_id` (`office_id`), ADD KEY `hasIRAP` (`hasIRAP`), ADD KEY `isLocked` (`isLocked`);

--
-- Indexes for table `phases`
--
ALTER TABLE `phases`
 ADD PRIMARY KEY (`id`), ADD KEY `id` (`id`), ADD KEY `process_id` (`process_id`), ADD KEY `ordering` (`ordering`);

--
-- Indexes for table `phasesdeadlines`
--
ALTER TABLE `phasesdeadlines`
 ADD PRIMARY KEY (`id`), ADD KEY `phase_id` (`phase_id`);

--
-- Indexes for table `processes`
--
ALTER TABLE `processes`
 ADD PRIMARY KEY (`id`), ADD KEY `aconsumo` (`toConsume`);

--
-- Indexes for table `sedi`
--
ALTER TABLE `sedi`
 ADD PRIMARY KEY (`id`);

--
-- Indexes for table `sedi_tipi`
--
ALTER TABLE `sedi_tipi`
 ADD PRIMARY KEY (`id`);

--
-- Indexes for table `tasks`
--
ALTER TABLE `tasks`
 ADD PRIMARY KEY (`id`), ADD KEY `id` (`id`), ADD KEY `operator_id` (`user_id`), ADD KEY `job_id` (`job_id`), ADD KEY `order_id` (`order_id`), ADD KEY `startdate` (`start`), ADD KEY `isplanned` (`byPlanning`), ADD KEY `phase_id` (`phase_id`), ADD KEY `completed` (`completed`);

--
-- Indexes for table `users`
--
ALTER TABLE `users`
 ADD PRIMARY KEY (`id`), ADD KEY `username` (`username`), ADD KEY `password` (`password`), ADD KEY `email` (`email`), ADD KEY `auth_email` (`auth_email`), ADD KEY `recovery_code` (`recovery_code`), ADD KEY `username_2` (`username`,`password`), ADD KEY `level` (`level`), ADD KEY `parentUser_id` (`parentUser_id`,`isPartner`);

--
-- AUTO_INCREMENT for dumped tables
--

--
-- AUTO_INCREMENT for table `aziende`
--
ALTER TABLE `aziende`
MODIFY `id` int(11) NOT NULL AUTO_INCREMENT,AUTO_INCREMENT=522;
--
-- AUTO_INCREMENT for table `calendar_events`
--
ALTER TABLE `calendar_events`
MODIFY `id` int(11) NOT NULL AUTO_INCREMENT,AUTO_INCREMENT=3;
--
-- AUTO_INCREMENT for table `configurations`
--
ALTER TABLE `configurations`
MODIFY `id` int(11) NOT NULL AUTO_INCREMENT,AUTO_INCREMENT=6;
--
-- AUTO_INCREMENT for table `contatti`
--
ALTER TABLE `contatti`
MODIFY `id` int(11) NOT NULL AUTO_INCREMENT,AUTO_INCREMENT=10;
--
-- AUTO_INCREMENT for table `contatti_ruoli`
--
ALTER TABLE `contatti_ruoli`
MODIFY `id` int(11) NOT NULL AUTO_INCREMENT,AUTO_INCREMENT=3;
--
-- AUTO_INCREMENT for table `frozentasks`
--
ALTER TABLE `frozentasks`
MODIFY `id` int(11) NOT NULL AUTO_INCREMENT;
--
-- AUTO_INCREMENT for table `jobs`
--
ALTER TABLE `jobs`
MODIFY `id` int(11) NOT NULL AUTO_INCREMENT,AUTO_INCREMENT=64;
--
-- AUTO_INCREMENT for table `jobsattributes`
--
ALTER TABLE `jobsattributes`
MODIFY `id` int(11) NOT NULL AUTO_INCREMENT,AUTO_INCREMENT=6;
--
-- AUTO_INCREMENT for table `jobs_jobsattributes`
--
ALTER TABLE `jobs_jobsattributes`
MODIFY `id` int(11) NOT NULL AUTO_INCREMENT,AUTO_INCREMENT=5;
--
-- AUTO_INCREMENT for table `jobs_orders`
--
ALTER TABLE `jobs_orders`
MODIFY `id` int(11) NOT NULL AUTO_INCREMENT,AUTO_INCREMENT=19;
--
-- AUTO_INCREMENT for table `jobs_processes`
--
ALTER TABLE `jobs_processes`
MODIFY `id` int(11) NOT NULL AUTO_INCREMENT,AUTO_INCREMENT=3;
--
-- AUTO_INCREMENT for table `messages`
--
ALTER TABLE `messages`
MODIFY `id` int(11) NOT NULL AUTO_INCREMENT,AUTO_INCREMENT=7;
--
-- AUTO_INCREMENT for table `offices`
--
ALTER TABLE `offices`
MODIFY `id` int(11) NOT NULL AUTO_INCREMENT,AUTO_INCREMENT=6;
--
-- AUTO_INCREMENT for table `orders`
--
ALTER TABLE `orders`
MODIFY `id` int(11) NOT NULL AUTO_INCREMENT,AUTO_INCREMENT=13;
--
-- AUTO_INCREMENT for table `phases`
--
ALTER TABLE `phases`
MODIFY `id` int(11) NOT NULL AUTO_INCREMENT,AUTO_INCREMENT=27;
--
-- AUTO_INCREMENT for table `phasesdeadlines`
--
ALTER TABLE `phasesdeadlines`
MODIFY `id` int(11) NOT NULL AUTO_INCREMENT,AUTO_INCREMENT=13;
--
-- AUTO_INCREMENT for table `processes`
--
ALTER TABLE `processes`
MODIFY `id` int(11) NOT NULL AUTO_INCREMENT,AUTO_INCREMENT=12;
--
-- AUTO_INCREMENT for table `sedi`
--
ALTER TABLE `sedi`
MODIFY `id` int(11) NOT NULL AUTO_INCREMENT,AUTO_INCREMENT=8;
--
-- AUTO_INCREMENT for table `sedi_tipi`
--
ALTER TABLE `sedi_tipi`
MODIFY `id` int(11) NOT NULL AUTO_INCREMENT,AUTO_INCREMENT=3;
--
-- AUTO_INCREMENT for table `tasks`
--
ALTER TABLE `tasks`
MODIFY `id` int(11) NOT NULL AUTO_INCREMENT,AUTO_INCREMENT=13;
--
-- AUTO_INCREMENT for table `users`
--
ALTER TABLE `users`
MODIFY `id` int(10) unsigned NOT NULL AUTO_INCREMENT,AUTO_INCREMENT=56;
/*!40101 SET CHARACTER_SET_CLIENT=@OLD_CHARACTER_SET_CLIENT */;
/*!40101 SET CHARACTER_SET_RESULTS=@OLD_CHARACTER_SET_RESULTS */;
/*!40101 SET COLLATION_CONNECTION=@OLD_COLLATION_CONNECTION */;
